Mutation,"Stability (FoldX5, kcal/mol)","Stability (Rosetta Flexddg2020, kcal/mol)",Stability classification,gnomAD genome allele frequency,gnomAD exome allele frequency,REVEL score,Mutation sources,PMID / DOI,PTMs,PTM residue SASA (%),"Change in stability with PTM (FoldX5, kcal/mol)",PTM effect in regulation,PTM effect in stability,PTM effect in function,PTM notes,AlloSigma2 mutation type,AlloSigma2 predicted consequence
Q228K,-0.09578,-0.22381,Neutral,,,0.196,COSMIC,https://doi.org/10.1101/2022.10.22.513328,,,,,,,,UP,neutral
Q231H,0.69781,0.77381,Neutral,,,0.214,COSMIC,https://doi.org/10.1101/2022.10.22.513328,,,,,,,,UP,neutral
E234K,0.01099,0.18231,Neutral,,1.19949141564e-05,0.544,cBioPortal,https://doi.org/10.1101/2022.10.22.513328,,,,,,,,UP,neutral
D236E,0.0789,1.31905,Neutral,,,0.276,"cBioPortal,COSMIC",https://doi.org/10.1101/2022.10.22.513328,,,,,,,,UP,neutral
D236N,0.80564,1.25408,Neutral,,7.9930939668e-06,0.477,COSMIC,https://doi.org/10.1101/2022.10.22.513328,,,,,,,,-,-
G237W,2.05587,1.28367,Uncertain,,,0.146,"cBioPortal,COSMIC",https://doi.org/10.1101/2022.10.22.513328,,,,,,,,UP,neutral
R241M,-1.85709,0.23605,Neutral,,,0.669,COSMIC,https://doi.org/10.1101/2022.10.22.513328,,,,,,,,DOWN,destabilizing
L245V,1.5016,3.19626,Uncertain,,,0.436,"cBioPortal,COSMIC",https://doi.org/10.1101/2022.10.22.513328,,,,,,,,DOWN,neutral
L245M,0.16042,2.54966,Uncertain,,,0.47,"cBioPortal,COSMIC",https://doi.org/10.1101/2022.10.22.513328,,,,,,,,-,-
S250N,-0.12798,-0.16054,Neutral,,,0.127,"cBioPortal,COSMIC",https://doi.org/10.1101/2022.10.22.513328,,,,,,,,UP,neutral
R255Q,0.84703,-0.15476,Neutral,,,0.393,"cBioPortal,COSMIC",https://doi.org/10.1101/2022.10.22.513328,,,,,,,,DOWN,neutral
T257A,-0.73422,0.46156,Neutral,,,0.436,cBioPortal,https://doi.org/10.1101/2022.10.22.513328,,,,,,,,DOWN,neutral
R261C,0.2787,0.50204,Neutral,,,0.586,COSMIC,https://doi.org/10.1101/2022.10.22.513328,,,,,,,,DOWN,destabilizing
R261H,0.43089,-0.1,Neutral,,,0.503,"cBioPortal,COSMIC",https://doi.org/10.1101/2022.10.22.513328,,,,,,,,DOWN,destabilizing
P263H,2.45677,0.63605,Uncertain,,,0.952,"cBioPortal,COSMIC",https://doi.org/10.1101/2022.10.22.513328,,,,,,,,UP,neutral
I264M,-0.63701,0.63265,Neutral,,,0.344,"cBioPortal,COSMIC",https://doi.org/10.1101/2022.10.22.513328,,,,,,,,-,-
I264V,1.07486,0.43027,Neutral,,,0.285,"cBioPortal,COSMIC",https://doi.org/10.1101/2022.10.22.513328,,,,,,,,DOWN,neutral
L270I,0.82382,0.93027,Neutral,,,0.383,"cBioPortal,COSMIC",https://doi.org/10.1101/2022.10.22.513328,,,,,,,,-,-
M274V,1.50342,-0.30476,Neutral,,,0.311,cBioPortal,https://doi.org/10.1101/2022.10.22.513328,,,,,,,,DOWN,neutral
M274T,2.21787,-0.16531,Uncertain,,,0.264,"cBioPortal,COSMIC",https://doi.org/10.1101/2022.10.22.513328,,,,,,,,DOWN,neutral
V277M,-1.1703,0.4483,Neutral,,7.9699056363e-06,0.056,"cBioPortal,COSMIC",https://doi.org/10.1101/2022.10.22.513328,,,,,,,,UP,neutral
L278M,-0.08407,1.36429,Neutral,,,0.454,cBioPortal,https://doi.org/10.1101/2022.10.22.513328,,,,,,,,-,-
G283D,5.80934,0.95816,Uncertain,,,0.943,"cBioPortal,COSMIC",https://doi.org/10.1101/2022.10.22.513328,,,,,,,,UP,neutral
G284S,6.65158,4.98844,Destabilizing,,,0.963,"cBioPortal,COSMIC",https://doi.org/10.1101/2022.10.22.513328,,,,,,,,UP,neutral
L285I,1.84197,1.4085,Neutral,,,0.325,cBioPortal,https://doi.org/10.1101/2022.10.22.513328,,,,,,,,-,-
E287D,0.73007,0.36463,Neutral,,,0.293,"cBioPortal,COSMIC",https://doi.org/10.1101/2022.10.22.513328,,,,,,,,DOWN,neutral
I289M,1.76412,2.7068,Uncertain,,,0.409,"cBioPortal,COSMIC",https://doi.org/10.1101/2022.10.22.513328,,,,,,,,-,-
K291R,0.45098,-0.15442,Neutral,,,0.227,COSMIC,https://doi.org/10.1101/2022.10.22.513328,,,,,,,,-,-
K291E,1.57065,1.14456,Neutral,,,0.413,cBioPortal,https://doi.org/10.1101/2022.10.22.513328,,,,,,,,DOWN,destabilizing
R295C,0.85675,0.63367,Neutral,,,0.518,COSMIC,https://doi.org/10.1101/2022.10.22.513328,,,,,,,,DOWN,destabilizing
S309I,0.03855,0.07245,Neutral,,,0.816,COSMIC,https://doi.org/10.1101/2022.10.22.513328,P,62.5,-0.622,damaging,neutral,potentially_damaging,abolishment_BRCT_ligand,UP,neutral
A311T,0.68928,0.17143,Neutral,,,0.638,COSMIC,https://doi.org/10.1101/2022.10.22.513328,,,,,,,,UP,neutral
T313I,-0.75925,-1.27041,Neutral,,,,"cBioPortal,COSMIC",https://doi.org/10.1101/2022.10.22.513328,,,,,,,,UP,stabilizing
R315W,2.0969,0.03912,Uncertain,,,0.796,COSMIC,https://doi.org/10.1101/2022.10.22.513328,,,,,,,,UP,neutral
T316S,0.16429,0.74082,Neutral,,,0.31,"cBioPortal,COSMIC",https://doi.org/10.1101/2022.10.22.513328,,,,,,,,DOWN,neutral
L322M,0.64889,2.92313,Uncertain,,,0.698,"cBioPortal,COSMIC",https://doi.org/10.1101/2022.10.22.513328,,,,,,,,-,-
C327R,-0.5492,0.43095,Neutral,,,0.668,"cBioPortal,COSMIC",https://doi.org/10.1101/2022.10.22.513328,,,,,,,,UP,neutral
R330W,0.49307,0.39592,Neutral,3.18918229366e-05,3.99376971924e-05,0.482,"cBioPortal,COSMIC",https://doi.org/10.1101/2022.10.22.513328,,,,,,,,UP,neutral
L332F,1.03783,0.95646,Neutral,,,0.371,"cBioPortal,COSMIC",https://doi.org/10.1101/2022.10.22.513328,,,,,,,,UP,neutral
S333N,3.62957,0.96054,Uncertain,,,0.374,"cBioPortal,COSMIC",https://doi.org/10.1101/2022.10.22.513328,,,,,,,,UP,neutral
N336S,-0.80399,0.27381,Neutral,,1.993588619e-05,0.097,"cBioPortal,COSMIC",https://doi.org/10.1101/2022.10.22.513328,,,,,,,,DOWN,neutral
R347Q,0.07181,-0.03469,Neutral,,,0.45,"cBioPortal,COSMIC",https://doi.org/10.1101/2022.10.22.513328,,,,,,,,DOWN,neutral
R350W,2.86349,0.03061,Uncertain,,,0.32,"cBioPortal,COSMIC",https://doi.org/10.1101/2022.10.22.513328,,,,,,,,UP,neutral
R351L,-0.0266,0.20544,Neutral,,,0.506,cBioPortal,https://doi.org/10.1101/2022.10.22.513328,,,,,,,,DOWN,neutral
