Mutation,"Stability (FoldX5, kcal/mol)","Stability (Rosetta Flexddg2020, kcal/mol)",Stability classification,"Local Int. (Binding with BECN1_5VAUae, FoldX5, kcal/mol)",Local Int. classification,gnomAD genome allele frequency,gnomAD exome allele frequency,REVEL score,Mutation sources,PMID / DOI,PTMs,PTM residue SASA (%),"Change in stability with PTM (FoldX5, kcal/mol)",PTM effect in regulation,PTM effect in stability,PTM effect in function,PTM notes,AlloSigma2 mutation type,AlloSigma2 predicted consequence
A2T,-0.09114,0.08027,Neutral,-0.0029,,,,0.146,"cBioPortal,COSMIC",https://doi.org/10.1101/2022.10.22.513328,,,,,,,,UP,neutral
A2P,-0.07315,2.29558,Uncertain,0.0,,,,0.152,"cBioPortal,COSMIC",https://doi.org/10.1101/2022.10.22.513328,,,,,,,,UP,neutral
A2V,0.03122,-0.06463,Neutral,-0.00012,,,8.0872124996e-06,0.123,"cBioPortal,COSMIC",https://doi.org/10.1101/2022.10.22.513328,,,,,,,,UP,neutral
A2S,0.05141,0.07347,Neutral,-0.00014,,,,0.134,"cBioPortal,COSMIC",https://doi.org/10.1101/2022.10.22.513328,,,,,,,,-,-
H3L,-0.19863,-0.1619,Neutral,0.0,,,,0.066,"cBioPortal,COSMIC",https://doi.org/10.1101/2022.10.22.513328,,,,,,,,UP,neutral
H3Q,-0.27433,-0.61803,Neutral,0.0,,,,0.051,"cBioPortal,COSMIC",https://doi.org/10.1101/2022.10.22.513328,,,,,,,,DOWN,neutral
H3D,-0.59649,-0.37381,Neutral,0.01254,,,,0.067,"cBioPortal,COSMIC",https://doi.org/10.1101/2022.10.22.513328,,,,,,,,DOWN,neutral
H3N,-0.34419,-0.46327,Neutral,0.0107,,,,0.043,"cBioPortal,COSMIC",https://doi.org/10.1101/2022.10.22.513328,,,,,,,,DOWN,neutral
H3P,-0.60697,-1.08299,Neutral,0.00806,,,,0.138,cBioPortal,https://doi.org/10.1101/2022.10.22.513328,,,,,,,,DOWN,neutral
A4V,0.19588,1.03571,Neutral,8e-05,,,,0.070,"cBioPortal,COSMIC",https://doi.org/10.1101/2022.10.22.513328,,,,,,,,UP,neutral
A4G,-0.1174,1.56973,Neutral,-0.00068,,,,0.058,"cBioPortal,COSMIC",https://doi.org/10.1101/2022.10.22.513328,,,,,,,,DOWN,neutral
A4T,0.05317,0.73469,Neutral,0.001,,,,0.043,"cBioPortal,COSMIC",https://doi.org/10.1101/2022.10.22.513328,,,,,,,,UP,neutral
A4P,0.12815,2.82075,Uncertain,0.01412,,,,0.029,"cBioPortal,COSMIC",https://doi.org/10.1101/2022.10.22.513328,,,,,,,,UP,neutral
G5R,-0.61549,0.93707,Neutral,0.0,,,,0.103,"cBioPortal,COSMIC",https://doi.org/10.1101/2022.10.22.513328,,,,,,,,UP,neutral
G5W,-0.43507,1.01973,Neutral,0.0,,,,0.189,cBioPortal,https://doi.org/10.1101/2022.10.22.513328,,,,,,,,UP,neutral
G5E,-0.77472,0.52211,Neutral,0.00148,,,,0.146,"cBioPortal,COSMIC",https://doi.org/10.1101/2022.10.22.513328,,,,,,,,UP,neutral
G5A,-0.35334,0.71088,Neutral,0.0,,,,0.146,cBioPortal,https://doi.org/10.1101/2022.10.22.513328,,,,,,,,UP,neutral
R6K,-1.39812,-0.5068,Neutral,2e-05,,,,0.022,"cBioPortal,COSMIC",https://doi.org/10.1101/2022.10.22.513328,,,,,,,,-,-
R6G,0.6052,1.08605,Neutral,0.0,,,,0.025,"cBioPortal,COSMIC",https://doi.org/10.1101/2022.10.22.513328,,,,,,,,DOWN,neutral
R6T,0.88147,0.66769,Neutral,0.0,,,,0.027,"cBioPortal,COSMIC",https://doi.org/10.1101/2022.10.22.513328,,,,,,,,DOWN,neutral
T7A,0.08079,0.38061,Neutral,0.0,,,,0.027,"cBioPortal,COSMIC",https://doi.org/10.1101/2022.10.22.513328,,,,,,,,DOWN,neutral
T7P,-0.20416,2.24116,Uncertain,-0.00244,,,,0.096,"cBioPortal,COSMIC",https://doi.org/10.1101/2022.10.22.513328,,,,,,,,-,-
T7R,-0.68002,0.50952,Neutral,0.0,,,,0.041,"cBioPortal,COSMIC",https://doi.org/10.1101/2022.10.22.513328,,,,,,,,UP,neutral
T7I,-0.0747,-0.19762,Neutral,0.0,,,,0.047,"cBioPortal,COSMIC",https://doi.org/10.1101/2022.10.22.513328,,,,,,,,UP,neutral
T7S,0.01067,0.57687,Neutral,0.0,,,,0.049,cBioPortal,https://doi.org/10.1101/2022.10.22.513328,,,,,,,,DOWN,neutral
G8R,0.06878,-0.85,Neutral,-0.00714,,,,"0.134, 0.138","cBioPortal,COSMIC",https://doi.org/10.1101/2022.10.22.513328,,,,,,,,UP,neutral
G8E,-0.4212,-1.82347,Neutral,0.0,,,8.0625655083e-06,0.161,"cBioPortal,COSMIC",https://doi.org/10.1101/2022.10.22.513328,,,,,,,,UP,neutral
Y9H,4.46979,1.31837,Uncertain,0.0,,,,0.275,"cBioPortal,COSMIC",https://doi.org/10.1101/2022.10.22.513328,P,6.5,3.54,unknown,neutral,unknown,,DOWN,neutral
Y9C,3.85958,2.52075,Uncertain,0.0,,,,0.238,"cBioPortal,COSMIC",https://doi.org/10.1101/2022.10.22.513328,P,6.5,3.54,unknown,neutral,unknown,,DOWN,neutral
D10N,3.13447,0.0381,Uncertain,0.0,,,,0.120,"cBioPortal,COSMIC",https://doi.org/10.1101/2022.10.22.513328,,,,,,,,-,-
D10E,1.90127,1.48027,Neutral,0.0,,,,0.140,cBioPortal,https://doi.org/10.1101/2022.10.22.513328,,,,,,,,UP,neutral
N11Y,-2.07018,0.21088,Uncertain,0.0,,,,0.250,"cBioPortal,COSMIC",https://doi.org/10.1101/2022.10.22.513328,,,,,,,,UP,neutral
N11H,-0.95788,-0.12857,Neutral,0.00108,,,,0.163,"cBioPortal,COSMIC",https://doi.org/10.1101/2022.10.22.513328,,,,,,,,UP,neutral
N11T,0.7431,1.4085,Neutral,0.0,,,,0.249,cBioPortal,https://doi.org/10.1101/2022.10.22.513328,,,,,,,,-,-
R12P,0.45035,5.52075,Uncertain,0.0,,,,0.472,cBioPortal,https://doi.org/10.1101/2022.10.22.513328,,,,,,,,DOWN,neutral
R12L,-0.08063,-0.58912,Neutral,0.0,,,,0.456,cBioPortal,https://doi.org/10.1101/2022.10.22.513328,,,,,,,,DOWN,neutral
R12W,0.08854,0.07891,Neutral,0.0,,,,0.438,"cBioPortal,COSMIC",https://doi.org/10.1101/2022.10.22.513328,,,,,,,,UP,neutral
E13D,0.7982,0.9,Neutral,0.0,,,,0.023,"cBioPortal,COSMIC",https://doi.org/10.1101/2022.10.22.513328,,,,,,,,DOWN,neutral
I14M,0.51423,1.23129,Neutral,0.0,,,,0.246,"cBioPortal,COSMIC",https://doi.org/10.1101/2022.10.22.513328,,,,,,,,-,-
I14L,-0.17421,0.59014,Neutral,0.0,,,,0.245,"cBioPortal,COSMIC",https://doi.org/10.1101/2022.10.22.513328,,,,,,,,-,-
M16V,0.95583,-0.30374,Neutral,0.0,,,,0.043,"cBioPortal,COSMIC",https://doi.org/10.1101/2022.10.22.513328,,,,,,,,DOWN,neutral
M16K,1.07584,1.56429,Neutral,0.0,,,,0.163,"cBioPortal,COSMIC",https://doi.org/10.1101/2022.10.22.513328,,,,,,,,UP,neutral
M16L,0.00274,-0.34422,Neutral,0.0,,,,0.030,"cBioPortal,COSMIC",https://doi.org/10.1101/2022.10.22.513328,,,,,,,,-,-
K17N,0.20258,-0.00952,Neutral,0.0,,,1.2083618641e-05,0.112,"cBioPortal,COSMIC",https://doi.org/10.1101/2022.10.22.513328,,,,,,,,DOWN,neutral
K17M,-0.32671,-0.21633,Neutral,0.0,,,,0.207,"cBioPortal,COSMIC",https://doi.org/10.1101/2022.10.22.513328,,,,,,,,DOWN,neutral
K17E,-0.0466,-0.13401,Neutral,0.0,,,4.0281000258e-06,0.120,"cBioPortal,COSMIC",https://doi.org/10.1101/2022.10.22.513328,,,,,,,,DOWN,neutral
Y18F,0.53117,-0.64864,Neutral,-0.0099,,,,0.163,"cBioPortal,COSMIC",https://doi.org/10.1101/2022.10.22.513328,,,,,,,,-,-
I19L,0.33767,-0.4,Neutral,0.0,,,4.0299505928e-06,0.143,cBioPortal,https://doi.org/10.1101/2022.10.22.513328,,,,,,,,-,-
H20Q,-0.77153,0.12653,Neutral,0.0,,,5.65519470027e-05,0.143,"cBioPortal,COSMIC",https://doi.org/10.1101/2022.10.22.513328,,,,,,,,DOWN,neutral
H20Y,-0.2312,-0.50102,Neutral,0.0,,,,0.155,cBioPortal,https://doi.org/10.1101/2022.10.22.513328,,,,,,,,UP,neutral
Y21S,3.87656,2.67279,Uncertain,0.0,,,,0.383,"cBioPortal,COSMIC",https://doi.org/10.1101/2022.10.22.513328,,,,,,,,DOWN,neutral
Y21C,3.73503,1.32245,Uncertain,-2e-05,,,,0.408,"cBioPortal,COSMIC",https://doi.org/10.1101/2022.10.22.513328,,,,,,,,DOWN,neutral
Y21H,3.4783,1.06395,Uncertain,0.0,,,,0.178,"cBioPortal,COSMIC",https://doi.org/10.1101/2022.10.22.513328,,,,,,,,DOWN,neutral
K22N,0.10518,0.88707,Neutral,-0.00544,,,,0.224,"cBioPortal,COSMIC",https://doi.org/10.1101/2022.10.22.513328,,,,,,,,DOWN,neutral
K22R,-0.81161,-0.29184,Neutral,0.01168,,,,0.222,"cBioPortal,COSMIC",https://doi.org/10.1101/2022.10.22.513328,,,,,,,,-,-
L23V,3.81421,1.3551,Uncertain,0.0,,,,0.373,cBioPortal,https://doi.org/10.1101/2022.10.22.513328,,,,,,,,DOWN,neutral
Q25K,-0.53478,0.41327,Neutral,0.01906,,,,0.112,cBioPortal,https://doi.org/10.1101/2022.10.22.513328,,,,,,,,UP,neutral
Q25L,-0.81069,-1.23027,Neutral,0.05254,,,,0.359,cBioPortal,https://doi.org/10.1101/2022.10.22.513328,,,,,,,,UP,neutral
G27D,2.93496,0.54252,Uncertain,0.0,,,,0.415,"cBioPortal,COSMIC",https://doi.org/10.1101/2022.10.22.513328,,,,,,,,UP,neutral
Y28H,3.32948,2.39184,Uncertain,0.0,,,,0.319,"cBioPortal,COSMIC",https://doi.org/10.1101/2022.10.22.513328,,,,,,,,DOWN,neutral
Y28F,0.71375,0.62483,Neutral,0.0,,,,0.172,"cBioPortal,COSMIC",https://doi.org/10.1101/2022.10.22.513328,,,,,,,,-,-
E29D,0.23609,-0.32483,Neutral,0.0,,,,0.041,"cBioPortal,COSMIC",https://doi.org/10.1101/2022.10.22.513328,,,,,,,,DOWN,neutral
E29K,-0.03801,0.0381,Neutral,0.0,,,,0.090,"cBioPortal,COSMIC",https://doi.org/10.1101/2022.10.22.513328,,,,,,,,UP,neutral
E29Q,-0.08251,-0.06905,Neutral,0.0,,,,0.093,"cBioPortal,COSMIC",https://doi.org/10.1101/2022.10.22.513328,,,,,,,,UP,neutral
E29A,0.24409,0.07007,Neutral,0.0,,,,0.084,cBioPortal,https://doi.org/10.1101/2022.10.22.513328,,,,,,,,DOWN,neutral
W30C,5.43292,4.65476,Destabilizing,0.0,,,,0.285,"cBioPortal,COSMIC",https://doi.org/10.1101/2022.10.22.513328,,,,,,,,DOWN,neutral
D31N,-0.0107,-0.21939,Neutral,0.0,,,4.2573119332e-06,0.077,"cBioPortal,COSMIC",https://doi.org/10.1101/2022.10.22.513328,,,,,,,,-,-
D31E,0.10968,0.23061,Neutral,0.0,,,,0.040,"cBioPortal,COSMIC",https://doi.org/10.1101/2022.10.22.513328,,,,,,,,UP,neutral
D31G,0.12874,0.93265,Neutral,0.0,,,,0.080,"cBioPortal,COSMIC",https://doi.org/10.1101/2022.10.22.513328,,,,,,,,DOWN,neutral
D31A,0.04178,0.20646,Neutral,0.0,,,,0.071,"cBioPortal,COSMIC",https://doi.org/10.1101/2022.10.22.513328,,,,,,,,DOWN,neutral
D31H,0.10906,-0.24728,Neutral,0.0,,3.19244030137e-05,0.0001021754863979,0.143,"cBioPortal,COSMIC",https://doi.org/10.1101/2022.10.22.513328,,,,,,,,UP,neutral
A32T,0.71246,0.62381,Neutral,0.0,,,,0.039,"cBioPortal,COSMIC",https://doi.org/10.1101/2022.10.22.513328,,,,,,,,UP,neutral
A32V,0.2173,0.27925,Neutral,0.0,,,,0.118,"cBioPortal,COSMIC",https://doi.org/10.1101/2022.10.22.513328,,,,,,,,UP,neutral
G33E,-0.19423,0.58197,Neutral,,,,,0.089,"cBioPortal,COSMIC",https://doi.org/10.1101/2022.10.22.513328,,,,,,,,UP,neutral
G33R,-0.36333,-0.42653,Neutral,,,,4.2805287309e-06,0.132,"cBioPortal,COSMIC",https://doi.org/10.1101/2022.10.22.513328,,,,,,,,UP,neutral
G33A,-0.19433,0.38537,Neutral,,,,,0.113,cBioPortal,https://doi.org/10.1101/2022.10.22.513328,,,,,,,,UP,neutral
D34G,0.38323,2.4466,Uncertain,,,,,0.128,"cBioPortal,COSMIC",https://doi.org/10.1101/2022.10.22.513328,,,,,,,,DOWN,neutral
D34V,0.77894,1.8568,Neutral,,,,,0.124,cBioPortal,https://doi.org/10.1101/2022.10.22.513328,,,,,,,,UP,neutral
D34N,0.14731,0.58095,Neutral,,,,,0.057,"cBioPortal,COSMIC",https://doi.org/10.1101/2022.10.22.513328,,,,,,,,-,-
D34H,0.50052,2.05612,Uncertain,,,,4.3412952689e-06,0.123,"cBioPortal,COSMIC",https://doi.org/10.1101/2022.10.22.513328,,,,,,,,UP,neutral
D34E,-0.02468,1.83265,Neutral,,,,,0.016,"cBioPortal,COSMIC",https://doi.org/10.1101/2022.10.22.513328,,,,,,,,UP,neutral
V35M,-0.87672,1.30952,Neutral,,,,4.3915892283e-06,0.048,"cBioPortal,COSMIC",https://doi.org/10.1101/2022.10.22.513328,,,,,,,,UP,neutral
G36D,0.17031,-0.31871,Neutral,,,,,0.048,"cBioPortal,COSMIC",https://doi.org/10.1101/2022.10.22.513328,,,,,,,,UP,neutral
A37V,0.70913,1.14116,Neutral,,,,,0.082,"cBioPortal,COSMIC",https://doi.org/10.1101/2022.10.22.513328,,,,,,,,UP,neutral
P39L,0.60556,1.11088,Neutral,,,3.19529652352e-05,,0.089,"cBioPortal,COSMIC",https://doi.org/10.1101/2022.10.22.513328,,,,,,,,UP,neutral
P39S,1.10335,1.18163,Neutral,,,,,0.013,cBioPortal,https://doi.org/10.1101/2022.10.22.513328,,,,,,,,DOWN,neutral
P40S,0.80548,1.01156,Neutral,,,,,0.063,cBioPortal,https://doi.org/10.1101/2022.10.22.513328,,,,,,,,DOWN,neutral
P40A,0.60051,1.02687,Neutral,,,,,0.074,cBioPortal,https://doi.org/10.1101/2022.10.22.513328,,,,,,,,DOWN,neutral
G41V,0.91066,0.55306,Neutral,,,,,0.022,cBioPortal,https://doi.org/10.1101/2022.10.22.513328,,,,,,,,UP,neutral
A42V,-0.16559,0.91701,Neutral,,,,,0.112,cBioPortal,https://doi.org/10.1101/2022.10.22.513328,,,,,,,,UP,neutral
A43V,0.11657,-0.39388,Neutral,,,,,0.048,"cBioPortal,COSMIC",https://doi.org/10.1101/2022.10.22.513328,,,,,,,,UP,neutral
P44A,0.50932,0.65034,Neutral,,,,,0.050,cBioPortal,https://doi.org/10.1101/2022.10.22.513328,,,,,,,,DOWN,neutral
A45T,0.24751,0.27959,Neutral,,,,,0.068,"cBioPortal,COSMIC",https://doi.org/10.1101/2022.10.22.513328,,,,,,,,UP,neutral
A45V,0.45639,0.19422,Neutral,,,,,0.086,"cBioPortal,COSMIC",https://doi.org/10.1101/2022.10.22.513328,,,,,,,,UP,neutral
P46Q,0.13824,1.33707,Neutral,,,,,0.129,cBioPortal,https://doi.org/10.1101/2022.10.22.513328,,,,,,,,UP,neutral
P46A,0.6614,0.94014,Neutral,,,,4.6673574356e-06,0.045,"cBioPortal,COSMIC",https://doi.org/10.1101/2022.10.22.513328,,,,,,,,DOWN,neutral
P46S,0.784,0.95884,Neutral,,,,,0.082,"cBioPortal,COSMIC",https://doi.org/10.1101/2022.10.22.513328,,,,,,,,DOWN,neutral
G47D,-1.23015,-0.90238,Neutral,,,,4.8482967933e-06,0.048,"cBioPortal,COSMIC",https://doi.org/10.1101/2022.10.22.513328,,,,,,,,UP,neutral
G47A,-0.37936,-0.33231,Neutral,,,,,0.066,"cBioPortal,COSMIC",https://doi.org/10.1101/2022.10.22.513328,,,,,,,,UP,neutral
G47S,-0.09937,-0.6534,Neutral,,,3.19693094629e-05,1.44295979914e-05,0.051,"cBioPortal,COSMIC",https://doi.org/10.1101/2022.10.22.513328,,,,,,,,UP,neutral
G47V,-0.10911,-1.54184,Neutral,,,,4.8482967933e-06,0.048,"cBioPortal,COSMIC",https://doi.org/10.1101/2022.10.22.513328,,,,,,,,UP,neutral
I48V,0.70926,0.12109,Neutral,,,,,0.038,"cBioPortal,COSMIC",https://doi.org/10.1101/2022.10.22.513328,,,,,,,,DOWN,neutral
I48F,-0.11712,1.25646,Neutral,,,,,0.055,"cBioPortal,COSMIC",https://doi.org/10.1101/2022.10.22.513328,,,,,,,,UP,neutral
I48M,-1.15685,1.03163,Neutral,,,,,0.058,"cBioPortal,COSMIC",https://doi.org/10.1101/2022.10.22.513328,,,,,,,,-,-
I48T,0.18244,1.00816,Neutral,,,,,0.090,"cBioPortal,COSMIC",https://doi.org/10.1101/2022.10.22.513328,,,,,,,,DOWN,neutral
F49C,2.61357,2.94048,Uncertain,,,,,0.042,"cBioPortal,COSMIC",https://doi.org/10.1101/2022.10.22.513328,,,,,,,,DOWN,neutral
F49S,2.85758,3.04116,Uncertain,,,,,0.021,"cBioPortal,COSMIC",https://doi.org/10.1101/2022.10.22.513328,,,,,,,,DOWN,neutral
F49L,1.58248,1.49898,Neutral,,,,,"0.024, 0.066","cBioPortal,COSMIC",https://doi.org/10.1101/2022.10.22.513328,,,,,,,,DOWN,neutral
S50P,2.54051,6.21361,Uncertain,,,,,0.159,"cBioPortal,COSMIC",https://doi.org/10.1101/2022.10.22.513328,,,,,,,,UP,neutral
S51F,-0.74843,-0.29388,Neutral,,,,,0.042,"cBioPortal,COSMIC",https://doi.org/10.1101/2022.10.22.513328,,,,,,,,UP,neutral
S51P,3.95662,4.95544,Destabilizing,,,,1.02871133331e-05,0.025,"cBioPortal,COSMIC",https://doi.org/10.1101/2022.10.22.513328,,,,,,,,UP,neutral
Q52P,3.98281,1.17585,Uncertain,,,,,0.054,"cBioPortal,COSMIC",https://doi.org/10.1101/2022.10.22.513328,,,,,,,,DOWN,neutral
Q52R,-0.18789,0.55238,Neutral,,,,,0.056,"cBioPortal,COSMIC",https://doi.org/10.1101/2022.10.22.513328,,,,,,,,UP,neutral
Q52H,0.16721,0.27449,Neutral,,,,,0.046,"cBioPortal,COSMIC",https://doi.org/10.1101/2022.10.22.513328,,,,,,,,UP,neutral
P53L,0.18807,0.16088,Neutral,,,,,0.028,cBioPortal,https://doi.org/10.1101/2022.10.22.513328,,,,,,,,UP,neutral
P53A,0.43002,1.02415,Neutral,,,,,0.085,cBioPortal,,,,,,,,,DOWN,neutral
P53S,0.60919,0.48571,Neutral,,,,,0.087,"cBioPortal,COSMIC",https://doi.org/10.1101/2022.10.22.513328,,,,,,,,DOWN,neutral
G54R,-2.18083,4.30986,Uncertain,,,,,0.092,"cBioPortal,COSMIC",https://doi.org/10.1101/2022.10.22.513328,,,,,,,,UP,neutral
H55P,1.25893,3.81463,Uncertain,,,,,0.028,cBioPortal,https://doi.org/10.1101/2022.10.22.513328,,,,,,,,DOWN,neutral
T56M,-0.71435,0.39966,Neutral,,,,,0.032,cBioPortal,https://doi.org/10.1101/2022.10.22.513328,P,83.6,-0.255,damaging,neutral,unknown,,UP,neutral
T56S,0.04633,-0.03027,Neutral,,,,,0.037,cBioPortal,https://doi.org/10.1101/2022.10.22.513328,P,83.6,-0.255,neutral,neutral,unknown,,DOWN,neutral
T56R,-0.61765,0.2966,Neutral,,,,6.1358727665e-06,0.035,cBioPortal,https://doi.org/10.1101/2022.10.22.513328,P,83.6,-0.255,damaging,neutral,unknown,,UP,neutral
P57S,0.2232,0.46803,Neutral,,,,,0.050,"cBioPortal,COSMIC",https://doi.org/10.1101/2022.10.22.513328,,,,,,,,DOWN,neutral
P57L,-0.05502,0.78503,Neutral,,,,,0.057,"cBioPortal,COSMIC",https://doi.org/10.1101/2022.10.22.513328,,,,,,,,UP,neutral
P57H,0.19915,1.1568,Neutral,,,,,0.072,cBioPortal,https://doi.org/10.1101/2022.10.22.513328,,,,,,,,UP,neutral
H58P,3.92498,2.32925,Uncertain,,,,,0.042,cBioPortal,https://doi.org/10.1101/2022.10.22.513328,,,,,,,,DOWN,neutral
H58Q,-0.29738,0.79082,Neutral,,,,,0.034,"cBioPortal,COSMIC",https://doi.org/10.1101/2022.10.22.513328,,,,,,,,DOWN,neutral
P59T,-2.46212,0.4415,Uncertain,,,,,0.091,"cBioPortal,COSMIC",https://doi.org/10.1101/2022.10.22.513328,,,,,,,,-,-
P59L,-2.02823,0.74184,Uncertain,,,,,0.091,"cBioPortal,COSMIC",https://doi.org/10.1101/2022.10.22.513328,,,,,,,,UP,neutral
P59R,-2.1202,1.04082,Uncertain,,,,,0.111,cBioPortal,https://doi.org/10.1101/2022.10.22.513328,,,,,,,,UP,neutral
P59A,-1.65921,0.68231,Neutral,,,,,0.098,"cBioPortal,COSMIC",https://doi.org/10.1101/2022.10.22.513328,,,,,,,,DOWN,destabilizing
P59S,-1.71472,0.21803,Neutral,,,,,0.101,"cBioPortal,COSMIC",https://doi.org/10.1101/2022.10.22.513328,,,,,,,,DOWN,destabilizing
A60T,0.08547,-0.01599,Neutral,,,,,0.106,"cBioPortal,COSMIC",https://doi.org/10.1101/2022.10.22.513328,,,,,,,,UP,neutral
A60V,0.16605,0.29728,Neutral,,,,,0.040,"cBioPortal,COSMIC",https://doi.org/10.1101/2022.10.22.513328,,,,,,,,UP,neutral
A60D,-0.08053,-0.21088,Neutral,,,,,0.147,"cBioPortal,COSMIC",https://doi.org/10.1101/2022.10.22.513328,,,,,,,,UP,neutral
A61V,0.80093,0.15068,Neutral,,,,,0.045,cBioPortal,https://doi.org/10.1101/2022.10.22.513328,,,,,,,,UP,neutral
A61T,-0.15043,-0.00034,Neutral,,,6.38814360547e-05,1.58596736079e-05,0.064,"cBioPortal,COSMIC",https://doi.org/10.1101/2022.10.22.513328,,,,,,,,UP,neutral
S62P,2.76457,-0.71667,Uncertain,,,,,0.024,cBioPortal,https://doi.org/10.1101/2022.10.22.513328,,,,,,,,UP,stabilizing
S62Y,-2.08972,0.38946,Uncertain,,,,8.8295542841e-06,0.039,cBioPortal,https://doi.org/10.1101/2022.10.22.513328,,,,,,,,UP,stabilizing
S62F,-2.24902,0.57653,Uncertain,,,0.0001278118609407,0.0001324433142615,0.037,"cBioPortal,COSMIC",https://doi.org/10.1101/2022.10.22.513328,,,,,,,,UP,stabilizing
D64G,-1.42458,4.12687,Uncertain,,,,,0.057,"cBioPortal,COSMIC",https://doi.org/10.1101/2022.10.22.513328,,,,,,,,DOWN,neutral
P65L,-1.55892,0.92789,Neutral,,,,0.0,0.028,cBioPortal,https://doi.org/10.1101/2022.10.22.513328,,,,,,,,UP,neutral
P65T,-1.67727,1.01156,Neutral,,,,,0.029,cBioPortal,https://doi.org/10.1101/2022.10.22.513328,,,,,,,,-,-
P65S,-1.28541,0.7449,Neutral,,,,0.0,0.029,"cBioPortal,COSMIC",https://doi.org/10.1101/2022.10.22.513328,,,,,,,,DOWN,neutral
P65A,-1.27217,0.94932,Neutral,,,,,0.032,"cBioPortal,COSMIC",https://doi.org/10.1101/2022.10.22.513328,,,,,,,,DOWN,neutral
V66G,0.65687,1.8102,Neutral,,,,,0.082,cBioPortal,https://doi.org/10.1101/2022.10.22.513328,,,,,,,,DOWN,neutral
V66A,0.21298,0.94932,Neutral,,,,,0.058,cBioPortal,https://doi.org/10.1101/2022.10.22.513328,,,,,,,,DOWN,neutral
A67T,0.01828,0.16565,Neutral,,,,0.0,0.036,"cBioPortal,COSMIC",https://doi.org/10.1101/2022.10.22.513328,,,,,,,,UP,neutral
A67V,0.08536,0.38707,Neutral,,,3.19345979434e-05,1.02268311141e-05,0.074,"cBioPortal,COSMIC",https://doi.org/10.1101/2022.10.22.513328,,,,,,,,UP,neutral
R68G,0.66469,1.02279,Neutral,,,,2.06007169049e-05,0.090,cBioPortal,https://doi.org/10.1101/2022.10.22.513328,,,,,,,,DOWN,neutral
T69P,-2.59249,0.36293,Uncertain,,,,,0.060,"cBioPortal,COSMIC",https://doi.org/10.1101/2022.10.22.513328,P,104.2,0.208,damaging,neutral,possibly_damaging,FHA_phosphopeptide_ligands,-,-
T69I,-1.88438,0.00986,Neutral,,,,,0.045,cBioPortal,https://doi.org/10.1101/2022.10.22.513328,P,104.2,0.208,damaging,neutral,possibly_damaging,FHA_phosphopeptide_ligands,UP,neutral
S70W,0.0135,-0.73469,Neutral,,,,,0.182,cBioPortal,https://doi.org/10.1101/2022.10.22.513328,P,85.9,0.651,damaging,neutral,possibly_damaging,FHA_phosphopeptide_ligands,UP,neutral
S70A,0.71442,-0.49014,Neutral,,,,,0.050,cBioPortal,https://doi.org/10.1101/2022.10.22.513328,P,85.9,0.651,damaging,neutral,possibly_damaging,FHA_phosphopeptide_ligands,-,-
S70P,4.30297,1.69252,Uncertain,,,,,0.069,cBioPortal,https://doi.org/10.1101/2022.10.22.513328,P,85.9,0.651,damaging,damaging,possibly_damaging,FHA_phosphopeptide_ligands,UP,neutral
P71T,-0.12092,1.62789,Neutral,,,,,0.113,"cBioPortal,COSMIC",https://doi.org/10.1101/2022.10.22.513328,,,,,,,,-,-
L72V,0.22535,4.24864,Uncertain,,,,,0.084,cBioPortal,https://doi.org/10.1101/2022.10.22.513328,,,,,,,,DOWN,neutral
Q73E,0.29679,0.21293,Neutral,,,,,0.112,cBioPortal,https://doi.org/10.1101/2022.10.22.513328,,,,,,,,DOWN,neutral
Q73R,-0.23405,-0.22007,Neutral,,,,,0.051,cBioPortal,https://doi.org/10.1101/2022.10.22.513328,,,,,,,,UP,neutral
Q73H,0.04566,0.05544,Neutral,,,,,0.043,cBioPortal,https://doi.org/10.1101/2022.10.22.513328,,,,,,,,UP,neutral
Q73L,0.38856,-0.16667,Neutral,,,,,0.053,cBioPortal,https://doi.org/10.1101/2022.10.22.513328,,,,,,,,UP,neutral
T74A,-0.22116,0.86803,Neutral,,,,,0.043,"cBioPortal,COSMIC",https://doi.org/10.1101/2022.10.22.513328,P,100.7,-0.011,damaging,neutral,possibly_damaging,Cks1_ligand,DOWN,neutral
P75A,0.2408,0.81156,Neutral,,,,,0.054,"cBioPortal,COSMIC",https://doi.org/10.1101/2022.10.22.513328,,,,,,,,DOWN,neutral
A76T,0.01024,0.03912,Neutral,,,,,0.058,"cBioPortal,COSMIC",https://doi.org/10.1101/2022.10.22.513328,,,,,,,,UP,neutral
A76S,0.11521,-0.52619,Neutral,,,,,0.047,"cBioPortal,COSMIC",https://doi.org/10.1101/2022.10.22.513328,,,,,,,,-,-
A77T,0.22456,-0.09898,Neutral,,,,,0.065,cBioPortal,https://doi.org/10.1101/2022.10.22.513328,,,,,,,,UP,neutral
A77V,0.30269,-0.10884,Neutral,,,3.19795330988e-05,9.8229897252e-06,0.043,"cBioPortal,COSMIC",https://doi.org/10.1101/2022.10.22.513328,,,,,,,,UP,neutral
A82T,-0.06784,0.07925,Neutral,,,,,0.023,"cBioPortal,COSMIC",https://doi.org/10.1101/2022.10.22.513328,,,,,,,,UP,neutral
G83E,-0.55267,0.28129,Neutral,,,,8.0694619283e-06,0.076,"cBioPortal,COSMIC",https://doi.org/10.1101/2022.10.22.513328,,,,,,,,UP,neutral
P84L,0.25361,1.08639,Neutral,,,,,0.070,cBioPortal,https://doi.org/10.1101/2022.10.22.513328,,,,,,,,UP,neutral
A85V,0.00188,0.34082,Neutral,,,,,0.028,"cBioPortal,COSMIC",https://doi.org/10.1101/2022.10.22.513328,,,,,,,,UP,neutral
A85T,-0.23159,0.03095,Neutral,,,,,0.049,"cBioPortal,COSMIC",https://doi.org/10.1101/2022.10.22.513328,,,,,,,,UP,neutral
A85S,-0.27379,-0.20782,Neutral,,,,,0.042,cBioPortal,https://doi.org/10.1101/2022.10.22.513328,,,,,,,,-,-
L86V,0.11023,0.97313,Neutral,,,,,0.073,"cBioPortal,COSMIC",https://doi.org/10.1101/2022.10.22.513328,,,,,,,,DOWN,neutral
L86F,-0.03855,0.00748,Neutral,,,,,0.082,"cBioPortal,COSMIC",https://doi.org/10.1101/2022.10.22.513328,,,,,,,,UP,neutral
S87N,-0.3854,0.24558,Neutral,,,,,0.085,"cBioPortal,COSMIC",https://doi.org/10.1101/2022.10.22.513328,P,60.8,-0.124,damaging,neutral,unknown,,UP,neutral
S87R,-0.86141,0.0983,Neutral,,,,5.9114931249e-06,0.066,"cBioPortal,COSMIC",https://doi.org/10.1101/2022.10.22.513328,P,60.8,-0.124,damaging,neutral,unknown,,UP,neutral
S87T,-0.2284,0.4619,Neutral,,,,,0.056,"cBioPortal,COSMIC",https://doi.org/10.1101/2022.10.22.513328,P,60.8,-0.124,neutral,neutral,unknown,,UP,neutral
P88R,0.45753,1.42687,Neutral,,,,3.40271082629e-05,0.139,cBioPortal,https://doi.org/10.1101/2022.10.22.513328,,,,,,,,UP,neutral
V89A,2.59667,3.17959,Uncertain,,,,5.1652892562e-06,0.025,"cBioPortal,COSMIC",https://doi.org/10.1101/2022.10.22.513328,,,,,,,,DOWN,neutral
P90S,3.32836,1.85476,Uncertain,,,,,0.066,"cBioPortal,COSMIC",https://doi.org/10.1101/2022.10.22.513328,,,,,,,,DOWN,neutral
P90T,3.76761,1.91463,Uncertain,,,,,0.098,"cBioPortal,COSMIC",https://doi.org/10.1101/2022.10.22.513328,,,,,,,,-,-
P91A,1.45746,-0.06088,Neutral,,,,,0.056,"cBioPortal,COSMIC",https://doi.org/10.1101/2022.10.22.513328,,,,,,,,DOWN,neutral
P91L,1.04503,1.25374,Neutral,,,,,0.037,"cBioPortal,COSMIC",https://doi.org/10.1101/2022.10.22.513328,,,,,,,,UP,neutral
P91H,2.02523,0.65374,Uncertain,,,,,0.076,"cBioPortal,COSMIC",https://doi.org/10.1101/2022.10.22.513328,,,,,,,,UP,neutral
P91S,1.44904,0.77857,Neutral,,,,,0.050,"cBioPortal,COSMIC",https://doi.org/10.1101/2022.10.22.513328,,,,,,,,DOWN,neutral
V92L,-0.76895,-0.13878,Neutral,0.0,,,,0.056,cBioPortal,https://doi.org/10.1101/2022.10.22.513328,,,,,,,,UP,neutral
V92E,-0.82634,-0.0966,Neutral,0.0,,,,0.174,cBioPortal,https://doi.org/10.1101/2022.10.22.513328,,,,,,,,-,-
V92G,1.61404,1.30646,Neutral,0.0,,,,0.180,cBioPortal,https://doi.org/10.1101/2022.10.22.513328,,,,,,,,DOWN,neutral
V93I,-0.55453,-0.23741,Neutral,0.0,,,,0.087,"cBioPortal,COSMIC",https://doi.org/10.1101/2022.10.22.513328,,,,,,,,UP,neutral
V93L,-0.17567,1.88095,Neutral,0.00216,,,,0.109,"cBioPortal,COSMIC",https://doi.org/10.1101/2022.10.22.513328,,,,,,,,UP,neutral
H94Y,-0.91041,-0.07449,Neutral,0.0,,,,0.158,"cBioPortal,COSMIC",https://doi.org/10.1101/2022.10.22.513328,,,,,,,,UP,neutral
L95M,-0.0803,0.46973,Neutral,0.0,,,,0.064,cBioPortal,https://doi.org/10.1101/2022.10.22.513328,,,,,,,,-,-
L95V,0.57506,-0.08027,Neutral,0.0,,,4.5489282725e-06,0.022,cBioPortal,https://doi.org/10.1101/2022.10.22.513328,,,,,,,,DOWN,neutral
T96I,-2.28722,-1.65714,Uncertain,0.0318,,,,0.135,cBioPortal,https://doi.org/10.1101/2022.10.22.513328,,,,,,,,UP,neutral
R98H,1.69228,0.76633,Neutral,0.0,,,0.0,0.224,"cBioPortal,COSMIC",https://doi.org/10.1101/2022.10.22.513328,,,,,,,,DOWN,neutral
R98C,0.86747,-0.21837,Neutral,0.0,,,,0.297,"cBioPortal,COSMIC",https://doi.org/10.1101/2022.10.22.513328,,,,,,,,DOWN,neutral
A100S,0.59983,1.5068,Neutral,0.10794,,,,0.292,cBioPortal,https://doi.org/10.1101/2022.10.22.513328,,,,,,,,-,-
G101V,4.67216,-0.41939,Uncertain,-0.01582,,,,0.492,cBioPortal,https://doi.org/10.1101/2022.10.22.513328,,,,,,,,UP,neutral
D102A,1.20134,0.52857,Neutral,0.07138,,,,0.459,cBioPortal,https://doi.org/10.1101/2022.10.22.513328,,,,,,,,DOWN,neutral
D102E,1.2977,-0.20204,Neutral,0.03742,,,,0.280,"cBioPortal,COSMIC",https://doi.org/10.1101/2022.10.22.513328,,,,,,,,UP,neutral
D102N,0.37657,0.18878,Neutral,0.0018,,,8.3623227188e-06,0.368,"cBioPortal,COSMIC",https://doi.org/10.1101/2022.10.22.513328,,,,,,,,-,-
D103N,-0.52677,1.21497,Neutral,-0.31058,,,,0.195,"cBioPortal,COSMIC",https://doi.org/10.1101/2022.10.22.513328,,,,,,,,-,-
D103H,-0.01482,0.54422,Neutral,-0.5007,,,1.24605416182e-05,0.248,cBioPortal,https://doi.org/10.1101/2022.10.22.513328,,,,,,,,UP,neutral
D103Y,-0.55946,0.90408,Neutral,-0.48142,,,,0.332,cBioPortal,https://doi.org/10.1101/2022.10.22.513328,,,,,,,,UP,neutral
F104L,0.46502,1.46939,Neutral,0.5203,,,,"0.070, 0.168","cBioPortal,COSMIC",https://doi.org/10.1101/2022.10.22.513328,,,,,,,,DOWN,neutral
S105P,6.6051,9.27585,Destabilizing,0.24602,,,2.06502345867e-05,0.215,"cBioPortal,COSMIC",https://doi.org/10.1101/2022.10.22.513328,,,,,,,,UP,neutral
R106H,0.95668,-1.01565,Neutral,-0.01424,,,,0.196,"cBioPortal,COSMIC",https://doi.org/10.1101/2022.10.22.513328,,,,,,,,DOWN,neutral
R106L,0.43651,0.20884,Neutral,-0.00752,,,,0.195,cBioPortal,https://doi.org/10.1101/2022.10.22.513328,,,,,,,,DOWN,neutral
R107L,0.53509,0.67517,Neutral,-0.65812,,,,0.100,"cBioPortal,COSMIC",https://doi.org/10.1101/2022.10.22.513328,,,,,,,,DOWN,neutral
R107H,0.74103,1.46293,Neutral,0.11372,,,,0.210,"cBioPortal,COSMIC",https://doi.org/10.1101/2022.10.22.513328,,,,,,,,DOWN,neutral
Y108H,0.36504,0.79694,Neutral,0.32998,,,,0.482,cBioPortal,https://doi.org/10.1101/2022.10.22.513328,,,,,,,,DOWN,neutral
Y108F,-0.46406,-0.24694,Neutral,-0.74228,,,,0.300,"cBioPortal,COSMIC",https://doi.org/10.1101/2022.10.22.513328,,,,,,,,-,-
Y108S,2.7499,2.42687,Uncertain,1.64364,,,,0.408,"cBioPortal,COSMIC",https://doi.org/10.1101/2022.10.22.513328,,,,,,,,DOWN,neutral
Y108C,2.3866,1.52517,Uncertain,1.20462,,,,0.407,"cBioPortal,COSMIC",https://doi.org/10.1101/2022.10.22.513328,,,,,,,,DOWN,neutral
R109C,1.30069,0.51463,Neutral,0.0497,,,4.0468790469e-06,0.256,cBioPortal,https://doi.org/10.1101/2022.10.22.513328,,,,,,,,DOWN,neutral
R110H,0.33525,0.95612,Neutral,-0.09354,,,,0.112,"cBioPortal,COSMIC",https://doi.org/10.1101/2022.10.22.513328,,,,,,,,DOWN,neutral
D111A,0.14311,1.68776,Neutral,0.19284,,,,0.150,cBioPortal,https://doi.org/10.1101/2022.10.22.513328,,,,,,,,DOWN,neutral
D111N,0.50548,1.35782,Neutral,0.20232,,,,0.232,cBioPortal,https://doi.org/10.1101/2022.10.22.513328,,,,,,,,-,-
F112C,3.36685,2.12245,Uncertain,1.53106,,,,0.705,cBioPortal,https://doi.org/10.1101/2022.10.22.513328,,,,,,,,DOWN,neutral
F112L,1.08761,0.01939,Neutral,0.88338,,,,0.501,"cBioPortal,COSMIC",https://doi.org/10.1101/2022.10.22.513328,,,,,,,,DOWN,neutral
A113G,0.83027,0.98537,Neutral,-0.0004,,,,0.055,"cBioPortal,COSMIC",https://doi.org/10.1101/2022.10.22.513328,,,,,,,,DOWN,neutral
A113D,0.59153,-0.44116,Neutral,-0.37564,,0.0001593371574251,,0.052,"cBioPortal,COSMIC",https://doi.org/10.1101/2022.10.22.513328,,,,,,,,UP,neutral
A113V,0.49009,0.07041,Neutral,0.0002,,,,0.063,"cBioPortal,COSMIC",https://doi.org/10.1101/2022.10.22.513328,,,,,,,,UP,neutral
E114Q,0.03246,0.62891,Neutral,0.0745,,,,0.073,"cBioPortal,COSMIC",https://doi.org/10.1101/2022.10.22.513328,,,,,,,,UP,neutral
E114D,0.69454,0.52823,Neutral,-0.03682,,,,0.096,"cBioPortal,COSMIC",https://doi.org/10.1101/2022.10.22.513328,,,,,,,,DOWN,neutral
M115L,0.63358,0.34048,Neutral,-0.27006,,,,0.173,"cBioPortal,COSMIC",https://doi.org/10.1101/2022.10.22.513328,,,,,,,,-,-
M115V,2.88142,1.06905,Uncertain,0.60906,,,,0.238,cBioPortal,https://doi.org/10.1101/2022.10.22.513328,,,,,,,,DOWN,neutral
M115I,2.15546,-0.04286,Uncertain,0.50472,,,,0.198,"cBioPortal,COSMIC",https://doi.org/10.1101/2022.10.22.513328,,,,,,,,-,-
S116T,0.36116,-0.64116,Neutral,0.0042,,,,0.162,cBioPortal,https://doi.org/10.1101/2022.10.22.513328,,,,,,,,UP,neutral
S116C,-0.0732,-0.11259,Neutral,0.0047,,,,0.341,cBioPortal,https://doi.org/10.1101/2022.10.22.513328,,,,,,,,UP,neutral
S116F,3.26687,-0.73776,Uncertain,0.02074,,,,0.401,"cBioPortal,COSMIC",https://doi.org/10.1101/2022.10.22.513328,,,,,,,,UP,neutral
S117R,-0.09593,-0.32517,Neutral,0.05646,,,,0.056,"cBioPortal,COSMIC",https://doi.org/10.1101/2022.10.22.513328,,,,,,,,UP,neutral
S117G,0.10851,0.71633,Neutral,0.12228,,,,0.072,"cBioPortal,COSMIC",https://doi.org/10.1101/2022.10.22.513328,,,,,,,,DOWN,neutral
S117N,0.50166,-0.12177,Neutral,0.00276,,,,0.062,cBioPortal,https://doi.org/10.1101/2022.10.22.513328,,,,,,,,UP,neutral
S117T,0.74379,-0.02959,Neutral,0.01358,,,,0.055,cBioPortal,https://doi.org/10.1101/2022.10.22.513328,,,,,,,,UP,neutral
Q118R,-0.31153,-0.07007,Neutral,0.7361,,,3.9956207996e-06,0.260,"cBioPortal,COSMIC",https://doi.org/10.1101/2022.10.22.513328,,,,,,,,UP,neutral
Q118H,-0.24577,0.3085,Neutral,-0.2298,,,,0.234,"cBioPortal,COSMIC",https://doi.org/10.1101/2022.10.22.513328,,,,,,,,UP,neutral
L119P,5.1816,9.9432,Destabilizing,0.45354,,,,0.659,cBioPortal,https://doi.org/10.1101/2022.10.22.513328,,,,,,,,DOWN,neutral
L119V,1.7062,2.54558,Uncertain,0.29448,,,,0.283,"cBioPortal,COSMIC",https://doi.org/10.1101/2022.10.22.513328,,,,,,,,DOWN,neutral
H120P,-0.54342,2.13741,Uncertain,0.10354,,,,0.415,cBioPortal,https://doi.org/10.1101/2022.10.22.513328,,,,,,,,DOWN,neutral
H120Y,-0.54901,-0.33265,Neutral,0.0,,,,0.166,"cBioPortal,COSMIC",https://doi.org/10.1101/2022.10.22.513328,,,,,,,,UP,neutral
L121M,-0.00735,1.11429,Neutral,0.0003,,,,0.153,"cBioPortal,COSMIC",https://doi.org/10.1101/2022.10.22.513328,,,,,,,,-,-
F124I,0.51145,0.28946,Neutral,0.0,,,,0.036,"cBioPortal,COSMIC",https://doi.org/10.1101/2022.10.22.513328,,,,,,,,DOWN,neutral
F124L,0.25483,-0.09014,Neutral,0.0,,0.0002549719530852,3.98838582049e-05,"0.019, 0.049","cBioPortal,COSMIC",https://doi.org/10.1101/2022.10.22.513328,,,,,,,,DOWN,neutral
F124S,0.44686,0.06599,Neutral,0.0,,,,0.042,"cBioPortal,COSMIC",https://doi.org/10.1101/2022.10.22.513328,,,,,,,,DOWN,neutral
T125S,-0.6459,0.43673,Neutral,0.0,,,,"0.078, 0.110","cBioPortal,COSMIC",https://doi.org/10.1101/2022.10.22.513328,,,,,,,,DOWN,neutral
T125N,-0.11509,1.15442,Neutral,0.0023,,,,0.244,"cBioPortal,COSMIC",https://doi.org/10.1101/2022.10.22.513328,,,,,,,,-,-
R127W,-0.59633,0.89116,Neutral,0.0048,,,,0.160,cBioPortal,https://doi.org/10.1101/2022.10.22.513328,,,,,,,,UP,neutral
G128E,-0.99783,-1.02211,Neutral,0.01612,,,,0.067,"cBioPortal,COSMIC",https://doi.org/10.1101/2022.10.22.513328,,,,,,,,UP,neutral
G128V,-0.34796,-1.15306,Neutral,-0.00904,,,,0.105,"cBioPortal,COSMIC",https://doi.org/10.1101/2022.10.22.513328,,,,,,,,UP,neutral
G128R,-0.62022,-0.68503,Neutral,-0.00442,,,2.39215373575e-05,0.094,"cBioPortal,COSMIC",https://doi.org/10.1101/2022.10.22.513328,,,,,,,,UP,neutral
R129C,1.28761,0.84218,Neutral,0.00996,,3.18735258494e-05,2.79104632339e-05,0.281,"cBioPortal,COSMIC",https://doi.org/10.1101/2022.10.22.513328,,,,,,,,DOWN,neutral
R129L,-0.37007,-1.16667,Neutral,-0.61454,,,,0.273,"cBioPortal,COSMIC",https://doi.org/10.1101/2022.10.22.513328,,,,,,,,DOWN,neutral
R129H,1.04243,0.08265,Neutral,-0.13058,,,,0.325,"cBioPortal,COSMIC",https://doi.org/10.1101/2022.10.22.513328,,,,,,,,DOWN,neutral
A131V,-1.36028,-0.01224,Neutral,0.00568,,,,0.121,"cBioPortal,COSMIC",https://doi.org/10.1101/2022.10.22.513328,,,,,,,,UP,neutral
A131G,1.52434,1.88946,Neutral,-0.0065,,,,0.112,"cBioPortal,COSMIC",https://doi.org/10.1101/2022.10.22.513328,,,,,,,,DOWN,neutral
A131T,-0.45462,-0.56088,Neutral,0.05692,,,,0.135,"cBioPortal,COSMIC",https://doi.org/10.1101/2022.10.22.513328,,,,,,,,UP,neutral
A131D,2.07189,0.81803,Uncertain,0.00478,,,,0.224,"cBioPortal,COSMIC",https://doi.org/10.1101/2022.10.22.513328,,,,,,,,UP,neutral
T132M,-0.6637,0.35136,Neutral,-0.61454,,,,0.140,"cBioPortal,COSMIC",https://doi.org/10.1101/2022.10.22.513328,,,,,,,,UP,neutral
T132A,-0.46359,0.28673,Neutral,0.1615,,,,0.045,"cBioPortal,COSMIC",https://doi.org/10.1101/2022.10.22.513328,,,,,,,,DOWN,neutral
V133A,0.86326,1.6415,Neutral,1.6692,,,,0.600,"cBioPortal,COSMIC",https://doi.org/10.1101/2022.10.22.513328,,,,,,,,DOWN,neutral
V133L,-0.43401,0.18639,Neutral,0.88632,,,,0.406,cBioPortal,https://doi.org/10.1101/2022.10.22.513328,,,,,,,,UP,neutral
V133M,-1.28735,0.51429,Neutral,0.56804,,,,0.435,"cBioPortal,COSMIC",https://doi.org/10.1101/2022.10.22.513328,,,,,,,,UP,neutral
V134L,0.76507,0.40068,Neutral,0.09572,,,,0.143,"cBioPortal,COSMIC",https://doi.org/10.1101/2022.10.22.513328,,,,,,,,UP,neutral
V134M,1.34586,1.79694,Neutral,0.06866,,,,0.162,"cBioPortal,COSMIC",https://doi.org/10.1101/2022.10.22.513328,,,,,,,,UP,neutral
V134A,2.09566,2.31497,Uncertain,-0.14262,,,,0.195,"cBioPortal,COSMIC",https://doi.org/10.1101/2022.10.22.513328,,,,,,,,DOWN,neutral
E135D,0.9217,0.47143,Neutral,-0.0262,,,,0.069,"cBioPortal,COSMIC",https://doi.org/10.1101/2022.10.22.513328,,,,,,,,DOWN,neutral
E136D,0.84838,0.50272,Neutral,-0.98858,,,,0.320,"cBioPortal,COSMIC",https://doi.org/10.1101/2022.10.22.513328,,,,,,,,DOWN,neutral
L137F,0.634,1.37585,Neutral,2.83994,,,,0.493,cBioPortal,https://doi.org/10.1101/2022.10.22.513328,,,,,,,,UP,neutral
R139S,-0.27053,1.41395,Neutral,-0.01116,,,,0.241,"cBioPortal,COSMIC",https://doi.org/10.1101/2022.10.22.513328,,,,,,,,DOWN,neutral
D140N,-0.21716,0.84422,Neutral,0.12944,,,,0.395,cBioPortal,https://doi.org/10.1101/2022.10.22.513328,,,,,,,,-,-
N143S,0.59098,1.09456,Neutral,1.43858,,,,0.454,"cBioPortal,COSMIC",https://doi.org/10.1101/2022.10.22.513328,,,,,,,,DOWN,neutral
N143K,1.45476,1.73605,Neutral,1.10328,,,,0.433,cBioPortal,https://doi.org/10.1101/2022.10.22.513328,,,,,,,,UP,neutral
G145R,0.4838,-1.4983,Neutral,22.22177,,,,0.764,cBioPortal,https://doi.org/10.1101/2022.10.22.513328,,,,,,,,UP,neutral
G145E,-1.85755,-0.31293,Neutral,26.61299,,,,0.766,"cBioPortal,COSMIC",https://doi.org/10.1101/2022.10.22.513328,,,,,,,,UP,neutral
F150L,1.59089,2.62891,Uncertain,0.04216,,,,0.319,cBioPortal,https://doi.org/10.1101/2022.10.22.513328,,,,,,,,DOWN,neutral
E152G,3.28504,1.72925,Uncertain,-0.10802,,,,,cBioPortal,https://doi.org/10.1101/2022.10.22.513328,,,,,,,,DOWN,neutral
F153L,1.87034,1.6,Neutral,-0.05016,,,,"0.435, 0.728",cBioPortal,https://doi.org/10.1101/2022.10.22.513328,,,,,,,,DOWN,neutral
G154D,8.44862,3.57721,Destabilizing,-0.0046,,,,0.664,cBioPortal,https://doi.org/10.1101/2022.10.22.513328,,,,,,,,UP,neutral
G154S,4.98698,2.18469,Uncertain,0.03268,,,,0.588,cBioPortal,https://doi.org/10.1101/2022.10.22.513328,,,,,,,,UP,neutral
G155V,4.26586,1.46837,Uncertain,0.0479,,,,0.408,"cBioPortal,COSMIC",https://doi.org/10.1101/2022.10.22.513328,,,,,,,,UP,neutral
G155A,-0.6852,-2.18503,Uncertain,0.0671,,,,0.345,"cBioPortal,COSMIC",https://doi.org/10.1101/2022.10.22.513328,,,,,,,,UP,neutral
V156I,-0.81205,-0.66633,Neutral,0.01888,,,,0.051,"cBioPortal,COSMIC",https://doi.org/10.1101/2022.10.22.513328,,,,,,,,UP,neutral
V156F,0.39069,-0.20306,Neutral,-0.07634,,,1.98898895713e-05,0.158,cBioPortal,https://doi.org/10.1101/2022.10.22.513328,,,,,,,,UP,neutral
V156A,1.38908,0.5102,Neutral,-0.07952,,,,0.182,"cBioPortal,COSMIC",https://doi.org/10.1101/2022.10.22.513328,,,,,,,,DOWN,neutral
V156G,2.77621,1.71735,Uncertain,-0.09584,,,,0.273,cBioPortal,https://doi.org/10.1101/2022.10.22.513328,,,,,,,,DOWN,neutral
V156L,-0.54354,-1.24286,Neutral,-0.01794,,,,0.064,"cBioPortal,COSMIC",https://doi.org/10.1101/2022.10.22.513328,,,,,,,,UP,neutral
M157L,0.38187,0.79864,Neutral,-0.05288,,,,0.109,cBioPortal,https://doi.org/10.1101/2022.10.22.513328,,,,,,,,-,-
V159A,1.09127,0.14422,Neutral,0.00032,,,,0.110,"cBioPortal,COSMIC",https://doi.org/10.1101/2022.10.22.513328,,,,,,,,DOWN,neutral
V159M,-0.9972,-0.22381,Neutral,0.00044,,,,0.292,cBioPortal,https://doi.org/10.1101/2022.10.22.513328,,,,,,,,UP,neutral
E160K,-1.6528,0.8898,Neutral,0.1382,,,,,cBioPortal,https://doi.org/10.1101/2022.10.22.513328,,,,,,,,UP,neutral
E160D,0.73581,1.14626,Neutral,-0.0441,,,,"0.293, 0.294","cBioPortal,COSMIC",https://doi.org/10.1101/2022.10.22.513328,,,,,,,,DOWN,neutral
E160Q,0.40233,-0.00748,Neutral,0.03354,,,,0.336,cBioPortal,https://doi.org/10.1101/2022.10.22.513328,,,,,,,,UP,neutral
S161T,0.99924,-0.92789,Neutral,0.0,,,,0.137,cBioPortal,https://doi.org/10.1101/2022.10.22.513328,,,,,,,,UP,neutral
N163K,0.96808,-0.2568,Neutral,-0.00258,,,,0.133,"cBioPortal,COSMIC",https://doi.org/10.1101/2022.10.22.513328,,,,,,,,UP,neutral
N163S,2.19129,0.52823,Uncertain,0.0012,,,,0.113,"cBioPortal,COSMIC",https://doi.org/10.1101/2022.10.22.513328,,,,,,,,DOWN,neutral
N163D,1.11369,0.6483,Neutral,0.0007,,,,0.102,"cBioPortal,COSMIC",https://doi.org/10.1101/2022.10.22.513328,,,,,,,,-,-
N163T,2.54674,0.45,Uncertain,0.0005,,,,0.159,"cBioPortal,COSMIC",https://doi.org/10.1101/2022.10.22.513328,,,,,,,,-,-
E165K,-0.94912,-0.25884,Neutral,0.00546,,,,0.349,"cBioPortal,COSMIC",https://doi.org/10.1101/2022.10.22.513328,,,,,,,,UP,neutral
E165D,-0.28063,0.01701,Neutral,0.0,,,,0.174,"cBioPortal,COSMIC",https://doi.org/10.1101/2022.10.22.513328,,,,,,,,DOWN,neutral
E165G,-0.9288,-0.22959,Neutral,0.0,,,,0.261,"cBioPortal,COSMIC",https://doi.org/10.1101/2022.10.22.513328,,,,,,,,DOWN,neutral
S167A,-0.66841,-2.41769,Uncertain,0.0,,,,0.039,"cBioPortal,COSMIC",https://doi.org/10.1101/2022.10.22.513328,,,,,,,,-,-
S167L,-2.10096,-3.02925,Uncertain,0.0,,,,0.125,cBioPortal,https://doi.org/10.1101/2022.10.22.513328,,,,,,,,UP,neutral
P168S,1.87118,-2.13197,Uncertain,0.0,,,3.9775665248e-06,0.084,cBioPortal,https://doi.org/10.1101/2022.10.22.513328,,,,,,,,DOWN,neutral
P168R,1.4777,-2.40442,Uncertain,0.0,,,,0.167,"cBioPortal,COSMIC",https://doi.org/10.1101/2022.10.22.513328,,,,,,,,UP,neutral
L169M,0.97588,0.94456,Neutral,0.0,,,,0.266,"cBioPortal,COSMIC",https://doi.org/10.1101/2022.10.22.513328,,,,,,,,-,-
N172K,-0.63435,-0.30068,Neutral,0.0,,,,0.114,"cBioPortal,COSMIC",https://doi.org/10.1101/2022.10.22.513328,,,,,,,,UP,neutral
N172S,0.14147,0.3534,Neutral,0.0,,,3.9778513238e-06,0.017,"cBioPortal,COSMIC",https://doi.org/10.1101/2022.10.22.513328,,,,,,,,DOWN,neutral
N172D,0.27143,0.47857,Neutral,0.0,,,,0.088,cBioPortal,https://doi.org/10.1101/2022.10.22.513328,,,,,,,,-,-
N172Q,-0.67235,-0.31054,Neutral,0.0,,,,,"cBioPortal,COSMIC",https://doi.org/10.1101/2022.10.22.513328,,,,,,,,UP,neutral
I173V,1.24672,0.95612,Neutral,0.0,,,,0.299,"cBioPortal,COSMIC",https://doi.org/10.1101/2022.10.22.513328,,,,,,,,DOWN,neutral
A174V,-0.53865,-1.31259,Neutral,0.0,,,,0.197,"cBioPortal,COSMIC",https://doi.org/10.1101/2022.10.22.513328,,,,,,,,UP,neutral
A174T,1.09506,0.61701,Neutral,0.0,,,3.9777247414e-06,0.278,"cBioPortal,COSMIC",https://doi.org/10.1101/2022.10.22.513328,,,,,,,,UP,neutral
L175V,1.22199,0.61156,Neutral,0.0,,,,0.019,"cBioPortal,COSMIC",https://doi.org/10.1101/2022.10.22.513328,,,,,,,,DOWN,neutral
T178N,0.73298,1.14864,Neutral,0.0,,,,0.319,cBioPortal,https://doi.org/10.1101/2022.10.22.513328,,,,,,,,-,-
E179D,0.16843,0.84898,Neutral,0.0,,,,0.064,"cBioPortal,COSMIC",https://doi.org/10.1101/2022.10.22.513328,,,,,,,,DOWN,neutral
Y180F,-0.75571,-0.29048,Neutral,-0.00432,,,,0.437,cBioPortal,https://doi.org/10.1101/2022.10.22.513328,,,,,,,,-,-
Y180D,4.08305,4.7017,Destabilizing,0.00842,,,,0.722,cBioPortal,https://doi.org/10.1101/2022.10.22.513328,,,,,,,,DOWN,neutral
L181P,7.78316,13.29388,Destabilizing,0.0,,,,0.754,"cBioPortal,COSMIC",https://doi.org/10.1101/2022.10.22.513328,,,,,,,,DOWN,neutral
N182D,-0.72961,0.48231,Neutral,0.0,,,,0.159,"cBioPortal,COSMIC",https://doi.org/10.1101/2022.10.22.513328,,,,,,,,-,-
R183P,3.3184,7.01837,Destabilizing,0.0,,,,0.176,cBioPortal,https://doi.org/10.1101/2022.10.22.513328,,,,,,,,DOWN,neutral
H184N,-0.14703,0.91973,Neutral,0.0,,,,0.133,"cBioPortal,COSMIC",https://doi.org/10.1101/2022.10.22.513328,,,,,,,,DOWN,neutral
L185M,0.66163,2.70272,Uncertain,0.0,,,,0.302,cBioPortal,https://doi.org/10.1101/2022.10.22.513328,,,,,,,,-,-
H186D,-0.76489,0.95442,Neutral,0.0109,,,,0.118,"cBioPortal,COSMIC",https://doi.org/10.1101/2022.10.22.513328,,,,,,,,DOWN,neutral
H186Y,-0.77479,-0.30476,Neutral,0.0,,,,0.134,"cBioPortal,COSMIC",https://doi.org/10.1101/2022.10.22.513328,,,,,,,,UP,neutral
T187I,0.09372,-0.50816,Neutral,0.0,,,,0.075,"cBioPortal,COSMIC",https://doi.org/10.1101/2022.10.22.513328,,,,,,,,UP,neutral
Q190E,0.97342,0.30272,Neutral,0.0,,,,0.137,cBioPortal,https://doi.org/10.1101/2022.10.22.513328,,,,,,,,DOWN,neutral
D191E,-0.47912,-0.36531,Neutral,-0.00098,,,,0.032,"cBioPortal,COSMIC",https://doi.org/10.1101/2022.10.22.513328,,,,,,,,UP,neutral
N192H,0.95326,-0.18129,Neutral,0.0,,,,0.277,"cBioPortal,COSMIC",https://doi.org/10.1101/2022.10.22.513328,,,,,,,,UP,neutral
G193E,3.90486,3.57041,Destabilizing,0.08954,,,,0.638,cBioPortal,https://doi.org/10.1101/2022.10.22.513328,,,,,,,,UP,neutral
G194D,5.21217,2.48231,Uncertain,0.02476,,,,0.644,"cBioPortal,COSMIC",https://doi.org/10.1101/2022.10.22.513328,,,,,,,,UP,neutral
D196Y,0.11973,1.36939,Neutral,0.0042,,,,0.252,cBioPortal,https://doi.org/10.1101/2022.10.22.513328,,,,,,,,UP,neutral
A197S,0.97543,0.85952,Neutral,0.00024,,,,0.107,cBioPortal,https://doi.org/10.1101/2022.10.22.513328,,,,,,,,-,-
A197T,0.51168,1.34218,Neutral,-0.01814,,,4.0065707761e-06,0.150,"cBioPortal,COSMIC",https://doi.org/10.1101/2022.10.22.513328,,,,,,,,UP,neutral
A197G,0.90044,1.67007,Neutral,-0.00158,,,4.0075984066e-06,0.147,cBioPortal,https://doi.org/10.1101/2022.10.22.513328,,,,,,,,DOWN,neutral
E200D,0.50132,2.05816,Uncertain,0.01368,,,,0.125,cBioPortal,https://doi.org/10.1101/2022.10.22.513328,,,,,,,,DOWN,neutral
L201R,1.59402,0.95748,Neutral,-1.91366,,,,0.412,cBioPortal,https://doi.org/10.1101/2022.10.22.513328,,,,,,,,UP,neutral
Y202F,0.46093,-1.09184,Neutral,0.7706,,,,0.110,cBioPortal,https://doi.org/10.1101/2022.10.22.513328,,,,,,,,-,-
P204H,0.66567,1.15714,Neutral,-0.12856,,,,0.039,cBioPortal,https://doi.org/10.1101/2022.10.22.513328,,,,,,,,UP,neutral
S205N,-0.14634,-0.02313,Neutral,-0.00052,,,,0.042,cBioPortal,https://doi.org/10.1101/2022.10.22.513328,,,,,,,,UP,neutral
S205R,-1.18964,0.38061,Neutral,-0.00424,,,,0.046,cBioPortal,https://doi.org/10.1101/2022.10.22.513328,,,,,,,,UP,neutral
R207W,-0.18602,-0.04388,Neutral,,,6.368615463e-05,3.18989441449e-05,0.194,"cBioPortal,COSMIC",https://doi.org/10.1101/2022.10.22.513328,,,,,,,,UP,neutral
R207Q,0.33789,-0.02925,Neutral,,,,1.19526674369e-05,0.071,cBioPortal,https://doi.org/10.1101/2022.10.22.513328,,,,,,,,DOWN,neutral
P208S,0.74597,0.29626,Neutral,,,,,0.285,"cBioPortal,COSMIC",https://doi.org/10.1101/2022.10.22.513328,,,,,,,,DOWN,neutral
