Mutation,"Stability (FoldX5, kcal/mol)","Stability (Rosetta Flexddg2020, kcal/mol)",Stability classification,"Local Int. (Binding with SQSTM1_2ZJDab, FoldX5, kcal/mol)","Local Int. (Binding with SQTSM1_2ZJDab, Rosetta Talaris 2014, kcal/mol)",Local Int. classification,gnomAD genome allele frequency,gnomAD exome allele frequency,REVEL score,Mutation sources,PMID / DOI,PTMs,PTM residue SASA (%),"Change in stability with PTM (FoldX5, kcal/mol)",PTM effect in regulation,PTM effect in stability,PTM effect in function,PTM notes,AlloSigma2 mutation type,AlloSigma2 predicted consequence
P2S,1.7173,1.09932,Neutral,0.0,-0.00036,Neutral,,4.05975966223e-05,0.055,cBioPortal,https://doi.org/10.1101/2022.10.22.513328,,,,,,,,,
S3W,-0.10708,1.45612,Neutral,0.02056,-0.00507,Neutral,3.2195750161e-05,2.16882102889e-05,0.158,COSMIC,33302793;https://doi.org/10.1101/2022.10.22.513328,,,,,,,,UP,neutral
S3L,-0.38747,0.72279,Neutral,-0.00106,-0.01835,Neutral,,0.0012579161967554,0.227,COSMIC,https://doi.org/10.1101/2022.10.22.513328,,,,,,,,,
R11L,-1.07029,-1.18333,Neutral,0.98528,1.08543,Uncertain,,,,cBioPortal,https://doi.org/10.1101/2022.10.22.513328,,,,,,,,,
R16G,3.32422,3.02551,Destabilizing,-0.00126,0.02019,Neutral,,,0.762,COSMIC,33302793;https://doi.org/10.1101/2022.10.22.513328,,,,,,,,DOWN,neutral
D19Y,0.16792,-0.16837,Neutral,-1.49452,0.10971,Uncertain,,,0.524,cBioPortal,33302793;https://doi.org/10.1101/2022.10.22.513328,,,,,,,,UP,neutral
R21G,1.25467,2.48673,Uncertain,0.0305,-0.01276,Neutral,,,0.125,cBioPortal,33302793;https://doi.org/10.1101/2022.10.22.513328,,,,,,,,DOWN,neutral
R21Q,-0.0652,0.68129,Neutral,-0.00378,0.01673,Neutral,,7.9526657336e-06,0.066,"cBioPortal,COSMIC",33302793;https://doi.org/10.1101/2022.10.22.513328,,,,,,,,DOWN,neutral
I23F,1.84938,0.49694,Neutral,2.3182,0.71209,Uncertain,,,0.632,cBioPortal,https://doi.org/10.1101/2022.10.22.513328,,,,,,,,,
E25Q,-0.41989,0.6051,Neutral,-0.0016,0.0248,Neutral,,,,Manual annotations from clinvar.csv,https://doi.org/10.1101/2022.10.22.513328,,,,,,,,,
P28L,1.47199,1.8932,Neutral,-0.0343,-0.01979,Neutral,,,0.411,"cBioPortal,COSMIC",33302793;https://doi.org/10.1101/2022.10.22.513328,,,,,,,,UP,neutral
T29A,-0.33191,0.22483,Neutral,0.00682,-0.01261,Neutral,9.55170657157e-05,,0.147,"cBioPortal,COSMIC",33302793;https://doi.org/10.1101/2022.10.22.513328,P,83.9,-0.318,damaging,neutral,uncertain,PKACA(rat);PMID:20398630,DOWN,neutral
P32Q,5.12681,2.76429,Uncertain,0.6591,0.09312,Neutral,,,0.755,cBioPortal,33302793;https://doi.org/10.1101/2022.10.22.513328,,,,,,,,UP,neutral
P32L,1.55792,0.12585,Neutral,0.90228,0.54514,Neutral,,,,"cBioPortal,COSMIC",https://doi.org/10.1101/2022.10.22.513328,,,,,,,,,
P32S,4.22136,2.70442,Uncertain,0.06982,0.13864,Neutral,,,0.812,COSMIC,https://doi.org/10.1101/2022.10.22.513328,,,,,,,,,
I35V,1.4513,0.78673,Neutral,0.007,0.16199,Neutral,,,0.284,cBioPortal,33302793;https://doi.org/10.1101/2022.10.22.513328,,,,,,,,DOWN,neutral
R37Q,1.10446,2.59966,Uncertain,-0.013,-0.00075,Neutral,,3.9783893888e-06,0.514,"cBioPortal,COSMIC",33302793;https://doi.org/10.1101/2022.10.22.513328,,,,,,,,DOWN,neutral
Y38H,1.13932,0.84898,Neutral,-0.0012,0.04694,Neutral,,3.9770919504e-06,0.363,"cBioPortal,COSMIC",33302793;https://doi.org/10.1101/2022.10.22.513328,,,,,,,,DOWN,neutral
K39R,0.08133,0.90578,Neutral,-0.01066,0.01107,Neutral,,,0.065,"cBioPortal,COSMIC",33302793;https://doi.org/10.1101/2022.10.22.513328,,,,,,,,-,-
K49N,0.5357,-0.05272,Neutral,0.00182,0.66027,Neutral,,,0.495,cBioPortal,33302793;https://doi.org/10.1101/2022.10.22.513328,,,,,,,,DOWN,neutral
D56N,-0.40289,0.4881,Neutral,-0.03228,0.00443,Neutral,,,0.341,"cBioPortal,COSMIC",33302793;https://doi.org/10.1101/2022.10.22.513328,,,,,,,,-,-
M60I,0.7627,0.04422,Neutral,-0.00046,0.02585,Neutral,,,0.261,"cBioPortal,COSMIC",33302793;https://doi.org/10.1101/2022.10.22.513328,,,,,,,,-,-
M60V,2.32467,0.88231,Uncertain,0.0,-0.01156,Neutral,0.0004138545778683,9.94502390784e-05,0.277,COSMIC,33302793;https://doi.org/10.1101/2022.10.22.513328,,,,,,,,DOWN,neutral
L63F,2.15224,1.67721,Uncertain,0.16452,0.23248,Neutral,,,0.293,COSMIC,https://doi.org/10.1101/2022.10.22.513328,,,,,,,,,
K65E,-0.17473,0.26259,Neutral,0.24316,0.11746,Neutral,,2.7864023565e-05,0.314,"cBioPortal,COSMIC",33302793;https://doi.org/10.1101/2022.10.22.513328,,,,,,,,DOWN,neutral
R70H,0.41247,-0.90306,Neutral,-0.07144,-0.10563,Neutral,,7.9738457858e-06,0.513,"cBioPortal,COSMIC",https://doi.org/10.1101/2022.10.22.513328,,,,,,,,DOWN,neutral
R70C,1.12218,-0.28707,Neutral,0.39972,-0.0047,Neutral,,,0.467,"cBioPortal,COSMIC",33302793;https://doi.org/10.1101/2022.10.22.513328,,,,,,,,DOWN,neutral
N74S,0.03786,-0.08401,Neutral,0.0,0.01287,Neutral,3.1841049481e-05,7.96400270776e-05,0.145,cBioPortal,https://doi.org/10.1101/2022.10.22.513328,,,,,,,,,
A75D,0.13427,-0.0483,Neutral,0.0142,0.01319,Neutral,,,0.206,cBioPortal,https://doi.org/10.1101/2022.10.22.513328,,,,,,,,,
L82F,1.6745,1.73673,Neutral,4e-05,0.00366,Neutral,,,0.295,COSMIC,33302793;https://doi.org/10.1101/2022.10.22.513328,,,,,,,,UP,neutral
V89F,-0.89474,0.36497,Neutral,-6e-05,0.00526,Neutral,,,0.578,"cBioPortal,COSMIC",33302793;https://doi.org/10.1101/2022.10.22.513328,,,,,,,,UP,neutral
V91I,-0.36668,0.09014,Neutral,0.0,-0.00287,Neutral,6.36942675159e-05,8.75329243159e-05,0.172,COSMIC,33302793;https://doi.org/10.1101/2022.10.22.513328,,,,,,,,UP,stabilizing
V98A,2.69766,2.26429,Uncertain,0.0,-0.01741,Neutral,,0.0,0.265,cBioPortal,33302793;https://doi.org/10.1101/2022.10.22.513328,,,,,,,,DOWN,destabilizing
D104H,-1.30934,1.75,Neutral,-0.01466,-0.01906,Neutral,,,0.654,cBioPortal,https://doi.org/10.1101/2022.10.22.513328,,,,,,,,,
E105K,-0.12193,-0.03231,Neutral,0.00056,0.0046,Neutral,,,0.22,cBioPortal,https://doi.org/10.1101/2022.10.22.513328,,,,,,,,,
D106G,2.13427,4.19966,Uncertain,-0.1947,0.02225,Neutral,,2.78396436526e-05,0.866,cBioPortal,https://doi.org/10.1101/2022.10.22.513328,,,,,,,,,
M111V,3.53061,0.3,Uncertain,-0.03692,0.00309,Neutral,,3.9771235851e-06,0.274,cBioPortal,https://doi.org/10.1101/2022.10.22.513328,,,,,,,,,
Y113C,5.0195,5.69456,Destabilizing,0.0005,0.05046,Neutral,,0.0012870707888934,0.771,"cBioPortal,COSMIC",33302793;https://doi.org/10.1101/2022.10.22.513328,,,,,,,,DOWN,neutral
A114T,-1.05703,2.83503,Uncertain,4e-05,-0.00752,Neutral,,,0.411,cBioPortal,https://doi.org/10.1101/2022.10.22.513328,,,,,,,,,
S115F,1.67239,1.74048,Neutral,4e-05,0.02055,Neutral,,,,cBioPortal,https://doi.org/10.1101/2022.10.22.513328,,,,,,,,,
E117V,1.27235,0.71531,Neutral,0.0,0.01455,Neutral,,0.0,0.64,COSMIC,https://doi.org/10.1101/2022.10.22.513328,,,,,,,,,
T118A,0.46249,0.1034,Neutral,0.0,0.02032,Neutral,,0.0006486451424587,0.435,cBioPortal,https://doi.org/10.1101/2022.10.22.513328,,,,,,,,,
G120R,-0.23789,-0.00782,Neutral,0.0,0.02052,Neutral,3.18511912346e-05,4.0617714198e-06,0.705,"cBioPortal,COSMIC",33302793;https://doi.org/10.1101/2022.10.22.513328,,,,,,,,UP,neutral
G120V,0.49445,0.51088,Neutral,0.0,-0.01183,Neutral,,,0.678,COSMIC,33302793;https://doi.org/10.1101/2022.10.22.513328,,,,,,,,UP,neutral
