Mutation,"Stability (FoldX5, kcal/mol)","Stability (Rosetta Flexddg2020, kcal/mol)",Stability classification,gnomAD genome allele frequency,gnomAD exome allele frequency,REVEL score,Mutation sources,PMID / DOI,AlloSigma2 mutation type,AlloSigma2 predicted consequence
P4L,2.28581,-0.05442,Uncertain,,,0.276,"cBioPortal,COSMIC",https://doi.org/10.1101/2022.10.22.513328,UP,stabilizing
V6M,2.48087,2.37891,Uncertain,,0.0,0.25,cBioPortal,https://doi.org/10.1101/2022.10.22.513328,UP,neutral
S21F,0.79583,1.08299,Neutral,,,0.107,"cBioPortal,COSMIC",https://doi.org/10.1101/2022.10.22.513328,UP,stabilizing
E23Q,0.11791,0.44354,Neutral,,,0.208,"cBioPortal,COSMIC",https://doi.org/10.1101/2022.10.22.513328,UP,neutral
V29I,2.39382,1.88469,Uncertain,,,0.237,cBioPortal,https://doi.org/10.1101/2022.10.22.513328,UP,stabilizing
N35H,3.8928,2.38741,Uncertain,,,0.589,COSMIC,https://doi.org/10.1101/2022.10.22.513328,UP,neutral
R37C,2.77772,3.34898,Uncertain,,4.0526192078e-06,0.303,"cBioPortal,COSMIC",https://doi.org/10.1101/2022.10.22.513328,DOWN,destabilizing
G47R,13.78184,0.19524,Uncertain,,,0.549,"cBioPortal,COSMIC",https://doi.org/10.1101/2022.10.22.513328,UP,neutral
C52Y,-1.10546,0.04116,Neutral,,,0.212,COSMIC,https://doi.org/10.1101/2022.10.22.513328,UP,neutral
H54D,0.97421,1.43401,Neutral,,,0.695,"cBioPortal,COSMIC",https://doi.org/10.1101/2022.10.22.513328,DOWN,neutral
R55K,0.44211,-0.36497,Neutral,,,0.583,"cBioPortal,COSMIC",https://doi.org/10.1101/2022.10.22.513328,-,-
P58L,2.43861,0.38707,Uncertain,,0.0,0.635,"cBioPortal,COSMIC",https://doi.org/10.1101/2022.10.22.513328,UP,neutral
G59E,2.98876,1.21156,Uncertain,,,,cBioPortal,https://doi.org/10.1101/2022.10.22.513328,UP,neutral
M61I,2.10178,0.27687,Uncertain,,,0.439,"cBioPortal,COSMIC",https://doi.org/10.1101/2022.10.22.513328,-,-
F67S,3.89995,2.77211,Uncertain,,,0.674,COSMIC,https://doi.org/10.1101/2022.10.22.513328,DOWN,neutral
R69H,1.64871,-0.13776,Neutral,,1.59229330043e-05,0.049,COSMIC,https://doi.org/10.1101/2022.10.22.513328,DOWN,neutral
R69G,3.14778,1.63129,Uncertain,,,0.093,"cBioPortal,COSMIC",https://doi.org/10.1101/2022.10.22.513328,DOWN,neutral
G75V,13.20336,9.97381,Destabilizing,,,0.584,COSMIC,https://doi.org/10.1101/2022.10.22.513328,UP,neutral
S77F,38.0507,6.86939,Destabilizing,,,0.659,cBioPortal,https://doi.org/10.1101/2022.10.22.513328,UP,neutral
I78M,0.53614,1.38299,Neutral,,,0.335,"cBioPortal,COSMIC",https://doi.org/10.1101/2022.10.22.513328,-,-
E84K,0.48276,0.60986,Neutral,,,0.03,"cBioPortal,COSMIC",https://doi.org/10.1101/2022.10.22.513328,UP,neutral
D85N,1.35111,1.08163,Neutral,,,0.43,cBioPortal,https://doi.org/10.1101/2022.10.22.513328,-,-
E86D,4.29436,2.08129,Uncertain,,,0.286,cBioPortal,https://doi.org/10.1101/2022.10.22.513328,DOWN,neutral
F88I,1.96232,2.58707,Uncertain,,,0.421,cBioPortal,https://doi.org/10.1101/2022.10.22.513328,DOWN,neutral
H92Y,7.51538,1.44524,Uncertain,,,0.537,cBioPortal,https://doi.org/10.1101/2022.10.22.513328,UP,stabilizing
G96C,3.52486,2.54864,Uncertain,,,0.7,"cBioPortal,COSMIC",https://doi.org/10.1101/2022.10.22.513328,UP,neutral
S99F,20.62168,2.81327,Uncertain,,,0.697,cBioPortal,https://doi.org/10.1101/2022.10.22.513328,UP,neutral
S99C,0.72581,-0.57381,Neutral,,,0.684,cBioPortal,https://doi.org/10.1101/2022.10.22.513328,UP,neutral
M100I,1.95686,0.47279,Neutral,,,0.57,"cBioPortal,COSMIC",https://doi.org/10.1101/2022.10.22.513328,-,-
M100K,2.27112,3.76054,Uncertain,,,0.525,"cBioPortal,COSMIC",https://doi.org/10.1101/2022.10.22.513328,UP,neutral
A101V,-0.19634,-0.17313,Neutral,,,0.52,cBioPortal,https://doi.org/10.1101/2022.10.22.513328,UP,neutral
A103T,0.4369,-1.00544,Neutral,,,0.395,cBioPortal,https://doi.org/10.1101/2022.10.22.513328,UP,neutral
Q111L,0.81599,-0.30408,Neutral,,,0.728,COSMIC,https://doi.org/10.1101/2022.10.22.513328,UP,neutral
Q111H,5.32794,2.58878,Uncertain,,,0.61,cBioPortal,https://doi.org/10.1101/2022.10.22.513328,UP,neutral
T116A,-0.22408,1.1,Neutral,,,0.569,"cBioPortal,COSMIC",https://doi.org/10.1101/2022.10.22.513328,DOWN,neutral
L122F,0.1094,0.28367,Neutral,,,0.47,COSMIC,https://doi.org/10.1101/2022.10.22.513328,UP,neutral
E134G,1.3698,1.46088,Neutral,,,0.256,"cBioPortal,COSMIC",https://doi.org/10.1101/2022.10.22.513328,DOWN,neutral
E134Q,-0.14623,-0.22177,Neutral,,,0.173,cBioPortal,https://doi.org/10.1101/2022.10.22.513328,UP,neutral
E134K,-0.42129,0.34456,Neutral,,,0.276,COSMIC,https://doi.org/10.1101/2022.10.22.513328,UP,neutral
M136V,2.60938,1.78333,Uncertain,,,0.24,cBioPortal,https://doi.org/10.1101/2022.10.22.513328,DOWN,neutral
M142R,4.69122,2.68231,Uncertain,,,0.522,COSMIC,https://doi.org/10.1101/2022.10.22.513328,UP,neutral
E143D,2.20278,0.58469,Uncertain,,,0.201,COSMIC,https://doi.org/10.1101/2022.10.22.513328,DOWN,neutral
E143Q,0.15656,0.34524,Neutral,,,0.349,cBioPortal,https://doi.org/10.1101/2022.10.22.513328,UP,neutral
R144H,0.17263,0.14524,Neutral,,8.0878665826e-06,0.041,COSMIC,https://doi.org/10.1101/2022.10.22.513328,DOWN,neutral
R144C,-0.11635,0.27517,Neutral,,,0.103,"cBioPortal,COSMIC",https://doi.org/10.1101/2022.10.22.513328,DOWN,neutral
F145Y,0.34362,-0.22075,Neutral,,,0.119,"cBioPortal,COSMIC",https://doi.org/10.1101/2022.10.22.513328,-,-
S147F,0.8439,3.94592,Uncertain,,,0.279,"cBioPortal,COSMIC",https://doi.org/10.1101/2022.10.22.513328,UP,stabilizing
N149T,1.24713,-0.1,Neutral,,,0.076,"cBioPortal,COSMIC",https://doi.org/10.1101/2022.10.22.513328,-,-
K155Q,0.04121,0.23129,Neutral,,,0.185,"cBioPortal,COSMIC",https://doi.org/10.1101/2022.10.22.513328,DOWN,neutral
G162V,5.99051,4.34286,Destabilizing,,,0.629,cBioPortal,https://doi.org/10.1101/2022.10.22.513328,UP,neutral
