Mutation,"Stability (FoldX5, kcal/mol)","Stability (Rosetta Flexddg2020, kcal/mol)",Stability classification,gnomAD genome allele frequency,gnomAD exome allele frequency,REVEL score,Mutation sources,PMID / DOI
D99Y,-0.08776,0.13095,Neutral,,,0.627,"cBioPortal,COSMIC",https://www.biorxiv.org/content/10.1101/2022.10.22.513328v1
I100F,-1.02223,-0.9,Neutral,,,0.724,COSMIC,https://www.biorxiv.org/content/10.1101/2022.10.22.513328v1
R103W,1.25256,0.4881,Neutral,0.00015931684935,5.17207081759e-05,0.65,COSMIC,https://www.biorxiv.org/content/10.1101/2022.10.22.513328v1
S104F,-0.57774,-0.72109,Neutral,,,0.908,cBioPortal,https://www.biorxiv.org/content/10.1101/2022.10.22.513328v1
E108K,1.09201,-0.9915,Neutral,,,0.537,COSMIC,https://www.biorxiv.org/content/10.1101/2022.10.22.513328v1
R114W,4.88179,1.73469,Uncertain,,2.38885836459e-05,0.867,"cBioPortal,COSMIC,Manual annotations from clinvar.csv",https://www.biorxiv.org/content/10.1101/2022.10.22.513328v1
R114L,2.32162,1.86871,Uncertain,,,0.946,cBioPortal,https://www.biorxiv.org/content/10.1101/2022.10.22.513328v1
R114Q,3.7397,2.19694,Uncertain,6.37104994903e-05,1.9904934035e-05,0.936,cBioPortal,https://www.biorxiv.org/content/10.1101/2022.10.22.513328v1
S121I,-1.28618,0.1034,Neutral,,,0.915,"cBioPortal,COSMIC",https://www.biorxiv.org/content/10.1101/2022.10.22.513328v1
K126N,2.49833,0.68299,Uncertain,,,0.694,"cBioPortal,COSMIC",https://www.biorxiv.org/content/10.1101/2022.10.22.513328v1
L127Q,2.60226,2.43912,Uncertain,,,0.954,cBioPortal,https://www.biorxiv.org/content/10.1101/2022.10.22.513328v1
R128C,1.30957,0.55,Neutral,,2.78425226917e-05,0.893,"cBioPortal,COSMIC",https://www.biorxiv.org/content/10.1101/2022.10.22.513328v1
R128H,-0.05161,-0.0949,Neutral,0.0018472514172877,0.0031424275451674,0.89,"cBioPortal,COSMIC,Manual annotations from clinvar.csv",https://www.biorxiv.org/content/10.1101/2022.10.22.513328v1
H129Y,-1.74513,-0.84048,Neutral,,,0.392,"cBioPortal,COSMIC",https://www.biorxiv.org/content/10.1101/2022.10.22.513328v1
G135S,1.91296,0.52823,Neutral,,7.9550064833e-06,0.309,"cBioPortal,COSMIC",https://www.biorxiv.org/content/10.1101/2022.10.22.513328v1
Q136L,-0.42208,-0.24762,Neutral,,,0.336,"cBioPortal,COSMIC",https://www.biorxiv.org/content/10.1101/2022.10.22.513328v1
P139S,2.01423,1.65102,Uncertain,,,0.273,"cBioPortal,COSMIC",https://www.biorxiv.org/content/10.1101/2022.10.22.513328v1
M141T,2.17396,2.82891,Uncertain,,,0.802,cBioPortal,https://www.biorxiv.org/content/10.1101/2022.10.22.513328v1
H144D,1.81509,2.34422,Uncertain,,,,Manual annotations from clinvar.csv,https://www.biorxiv.org/content/10.1101/2022.10.22.513328v1
H144R,-0.14039,0.1,Neutral,,,0.614,COSMIC,https://www.biorxiv.org/content/10.1101/2022.10.22.513328v1
H144N,1.31904,1.61531,Neutral,,,0.73,"cBioPortal,COSMIC",https://www.biorxiv.org/content/10.1101/2022.10.22.513328v1
A149G,0.24684,0.74796,Neutral,,,,Manual annotations from clinvar.csv,https://www.biorxiv.org/content/10.1101/2022.10.22.513328v1
A149D,0.26128,1.10408,Neutral,,,0.148,COSMIC,https://www.biorxiv.org/content/10.1101/2022.10.22.513328v1
T155N,1.43855,1.19762,Neutral,,,0.633,COSMIC,https://www.biorxiv.org/content/10.1101/2022.10.22.513328v1
G160D,17.40178,6.04218,Destabilizing,,,0.964,cBioPortal,https://www.biorxiv.org/content/10.1101/2022.10.22.513328v1
G162R,38.19238,46.94796,Destabilizing,,1.19443869344e-05,0.987,cBioPortal,https://www.biorxiv.org/content/10.1101/2022.10.22.513328v1
E167K,0.69499,1.86361,Neutral,,,0.89,"cBioPortal,COSMIC,Manual annotations from clinvar.csv",https://www.biorxiv.org/content/10.1101/2022.10.22.513328v1
V169M,-0.66565,0.29354,Neutral,,,0.631,cBioPortal,https://www.biorxiv.org/content/10.1101/2022.10.22.513328v1
S170C,0.22618,0.38741,Neutral,,,0.814,"cBioPortal,COSMIC",https://www.biorxiv.org/content/10.1101/2022.10.22.513328v1
S170F,-0.58566,-0.77177,Neutral,,,0.847,COSMIC,https://www.biorxiv.org/content/10.1101/2022.10.22.513328v1
N171S,0.35484,0.94932,Neutral,,1.19379228014e-05,0.71,cBioPortal,https://www.biorxiv.org/content/10.1101/2022.10.22.513328v1
T174M,0.56268,0.05408,Neutral,3.18654005481e-05,1.98974881411e-05,0.928,cBioPortal,https://www.biorxiv.org/content/10.1101/2022.10.22.513328v1
A176S,-0.1261,-0.67483,Neutral,,7.9595654077e-06,0.881,"cBioPortal,COSMIC",https://www.biorxiv.org/content/10.1101/2022.10.22.513328v1
S178L,5.77004,-0.87245,Uncertain,,,0.954,"cBioPortal,COSMIC",https://www.biorxiv.org/content/10.1101/2022.10.22.513328v1
Q188E,0.78377,0.45612,Neutral,,,0.194,"cBioPortal,COSMIC",https://www.biorxiv.org/content/10.1101/2022.10.22.513328v1
E192K,0.5596,0.22415,Neutral,0.0007327174259318,0.0015478028361796,0.267,"cBioPortal,Manual annotations from clinvar.csv",https://www.biorxiv.org/content/10.1101/2022.10.22.513328v1
E192D,0.97548,0.13231,Neutral,3.18613394507e-05,3.9789592634e-06,0.196,"cBioPortal,COSMIC",https://www.biorxiv.org/content/10.1101/2022.10.22.513328v1
A193T,0.75218,-0.18333,Neutral,,,0.235,"cBioPortal,COSMIC",https://www.biorxiv.org/content/10.1101/2022.10.22.513328v1
G199S,0.31463,-0.21565,Neutral,3.18796225453e-05,7.9553229066e-06,0.968,cBioPortal,https://www.biorxiv.org/content/10.1101/2022.10.22.513328v1
Q200L,-1.30754,-0.47415,Neutral,,,0.973,COSMIC,https://www.biorxiv.org/content/10.1101/2022.10.22.513328v1
G202A,8.29573,2.9102,Uncertain,,,0.946,cBioPortal,https://www.biorxiv.org/content/10.1101/2022.10.22.513328v1
A208V,-2.1916,0.00238,Uncertain,,,0.565,COSMIC,https://www.biorxiv.org/content/10.1101/2022.10.22.513328v1
F209L,1.19107,2.59762,Uncertain,,,0.943,"cBioPortal,COSMIC",https://www.biorxiv.org/content/10.1101/2022.10.22.513328v1
M210T,1.52854,1.39728,Neutral,,0.0008192679085602,0.927,COSMIC,https://www.biorxiv.org/content/10.1101/2022.10.22.513328v1
D213N,0.25096,0.06599,Neutral,,,0.488,cBioPortal,https://www.biorxiv.org/content/10.1101/2022.10.22.513328v1
V217A,4.07502,2.96293,Uncertain,,,0.862,COSMIC,https://www.biorxiv.org/content/10.1101/2022.10.22.513328v1
V217I,0.41555,1.12109,Neutral,,,0.555,"cBioPortal,COSMIC",https://www.biorxiv.org/content/10.1101/2022.10.22.513328v1
S219F,6.7307,4.74456,Destabilizing,,3.9776298099e-06,0.756,cBioPortal,https://www.biorxiv.org/content/10.1101/2022.10.22.513328v1
S221L,-0.54216,-0.41224,Neutral,,1.19341236375e-05,0.477,COSMIC,https://www.biorxiv.org/content/10.1101/2022.10.22.513328v1
A222E,0.4564,0.94354,Neutral,,,0.541,COSMIC,https://www.biorxiv.org/content/10.1101/2022.10.22.513328v1
P224L,0.82864,0.94218,Neutral,6.36983247341e-05,0.0001273074474857,0.159,"COSMIC,Manual annotations from clinvar.csv",https://www.biorxiv.org/content/10.1101/2022.10.22.513328v1
S226R,-0.29028,1.44558,Neutral,,1.59228062354e-05,0.439,cBioPortal,https://www.biorxiv.org/content/10.1101/2022.10.22.513328v1
Q230R,-0.45849,0.14286,Neutral,,3.9787692871e-06,0.223,"cBioPortal,COSMIC",https://www.biorxiv.org/content/10.1101/2022.10.22.513328v1
Q230K,-0.98771,0.46939,Neutral,,,0.22,"cBioPortal,COSMIC",https://www.biorxiv.org/content/10.1101/2022.10.22.513328v1
W231R,5.48142,4.48503,Destabilizing,,,,Manual annotations from clinvar.csv,https://www.biorxiv.org/content/10.1101/2022.10.22.513328v1
S233L,3.76267,0.40986,Uncertain,,,0.841,COSMIC,https://www.biorxiv.org/content/10.1101/2022.10.22.513328v1
D234H,1.88581,0.61122,Neutral,,3.9805431053e-06,0.599,COSMIC,https://www.biorxiv.org/content/10.1101/2022.10.22.513328v1
F239L,2.95757,1.78946,Uncertain,,,0.828,COSMIC,https://www.biorxiv.org/content/10.1101/2022.10.22.513328v1
A242V,-0.52626,-0.84694,Neutral,,,0.266,cBioPortal,https://www.biorxiv.org/content/10.1101/2022.10.22.513328v1
A242T,-0.48127,-0.97551,Neutral,0.0001275103602168,3.98320680013e-05,0.266,cBioPortal,https://www.biorxiv.org/content/10.1101/2022.10.22.513328v1
E243K,-0.20399,0.25952,Neutral,,9.95650996448e-05,0.557,cBioPortal,https://www.biorxiv.org/content/10.1101/2022.10.22.513328v1
A244G,1.40087,1.57585,Neutral,,,0.636,cBioPortal,https://www.biorxiv.org/content/10.1101/2022.10.22.513328v1
S245L,0.14339,0.53878,Neutral,3.18694626809e-05,4.3794341771e-05,0.493,"cBioPortal,COSMIC",https://www.biorxiv.org/content/10.1101/2022.10.22.513328v1
V247I,-0.49821,0.21293,Neutral,,,0.35,"cBioPortal,COSMIC",https://www.biorxiv.org/content/10.1101/2022.10.22.513328v1
G250R,18.6484,9.18571,Destabilizing,3.19060685342e-05,1.9913019929e-05,0.885,COSMIC,https://www.biorxiv.org/content/10.1101/2022.10.22.513328v1
I253V,0.94789,0.65374,Neutral,,,,Manual annotations from clinvar.csv,https://www.biorxiv.org/content/10.1101/2022.10.22.513328v1
I254V,0.41086,0.01769,Neutral,6.37795777792e-05,6.37140513376e-05,0.257,"cBioPortal,COSMIC",https://www.biorxiv.org/content/10.1101/2022.10.22.513328v1
S259F,-0.04201,0.77959,Neutral,0.0514424304314526,0.0577148320784032,0.348,"cBioPortal,COSMIC",https://www.biorxiv.org/content/10.1101/2022.10.22.513328v1
S259P,-1.66261,-0.89796,Neutral,,,0.294,"cBioPortal,COSMIC",https://www.biorxiv.org/content/10.1101/2022.10.22.513328v1
S259L,-0.21419,0.35612,Neutral,,,,Manual annotations from clinvar.csv,https://www.biorxiv.org/content/10.1101/2022.10.22.513328v1
D260Y,0.04834,0.36531,Neutral,,,0.903,"cBioPortal,COSMIC",https://www.biorxiv.org/content/10.1101/2022.10.22.513328v1
D260N,0.07143,-0.01054,Neutral,3.1867431485e-05,0.000175199687826,0.561,"cBioPortal,COSMIC",https://www.biorxiv.org/content/10.1101/2022.10.22.513328v1
C261R,0.29662,2.24422,Uncertain,,,0.438,COSMIC,https://www.biorxiv.org/content/10.1101/2022.10.22.513328v1
K262N,0.82883,0.95986,Neutral,,,0.267,"cBioPortal,COSMIC",https://www.biorxiv.org/content/10.1101/2022.10.22.513328v1
E263K,1.31462,1.21156,Neutral,,,0.587,"cBioPortal,COSMIC",https://www.biorxiv.org/content/10.1101/2022.10.22.513328v1
E267K,1.09325,2.23027,Uncertain,0.0001593777891113,7.97314644278e-05,0.604,"cBioPortal,COSMIC",https://www.biorxiv.org/content/10.1101/2022.10.22.513328v1
R269W,-0.15164,1.27823,Neutral,3.18938572431e-05,5.5893132331e-05,0.789,"cBioPortal,COSMIC",https://www.biorxiv.org/content/10.1101/2022.10.22.513328v1
V270A,2.47635,2.54592,Uncertain,,,0.841,cBioPortal,https://www.biorxiv.org/content/10.1101/2022.10.22.513328v1
R271Q,0.42389,1.09082,Neutral,9.56327701626e-05,7.6045018651e-05,0.135,cBioPortal,https://www.biorxiv.org/content/10.1101/2022.10.22.513328v1
V273M,0.76975,3.11361,Uncertain,,,0.661,cBioPortal,https://www.biorxiv.org/content/10.1101/2022.10.22.513328v1
V274L,-1.54318,1.77075,Neutral,,,0.409,cBioPortal,https://www.biorxiv.org/content/10.1101/2022.10.22.513328v1
T275M,-1.0725,-0.59184,Neutral,,0.0001034274257709,0.371,"cBioPortal,Manual annotations from clinvar.csv",https://www.biorxiv.org/content/10.1101/2022.10.22.513328v1
F280L,3.00994,3.46871,Destabilizing,,,0.907,"cBioPortal,COSMIC",https://www.biorxiv.org/content/10.1101/2022.10.22.513328v1
V281I,-0.07669,0.23844,Neutral,6.37592450905e-05,2.7842301206e-05,0.179,"cBioPortal,COSMIC",https://www.biorxiv.org/content/10.1101/2022.10.22.513328v1
F283L,1.36386,2.51259,Uncertain,,,,Manual annotations from clinvar.csv,https://www.biorxiv.org/content/10.1101/2022.10.22.513328v1
P284H,1.98173,1.48639,Neutral,,3.9774083207e-06,0.823,COSMIC,https://www.biorxiv.org/content/10.1101/2022.10.22.513328v1
G289E,2.89645,1.09354,Uncertain,,,0.536,cBioPortal,https://www.biorxiv.org/content/10.1101/2022.10.22.513328v1
M292I,0.80403,0.4051,Neutral,,,0.147,cBioPortal,https://www.biorxiv.org/content/10.1101/2022.10.22.513328v1
I298M,0.86118,1.41054,Neutral,,,0.169,"cBioPortal,COSMIC",https://www.biorxiv.org/content/10.1101/2022.10.22.513328v1
W299C,6.30811,6.14388,Destabilizing,,3.9885130823e-06,0.738,"cBioPortal,COSMIC",https://www.biorxiv.org/content/10.1101/2022.10.22.513328v1
M300T,0.62189,-0.09626,Neutral,,,0.226,COSMIC,https://www.biorxiv.org/content/10.1101/2022.10.22.513328v1
M301I,1.20933,0.7415,Neutral,,,0.222,"cBioPortal,COSMIC",https://www.biorxiv.org/content/10.1101/2022.10.22.513328v1
D302N,0.58886,0.03299,Neutral,,,0.135,COSMIC,https://www.biorxiv.org/content/10.1101/2022.10.22.513328v1
D302Y,1.81944,1.14082,Neutral,,,0.332,cBioPortal,https://www.biorxiv.org/content/10.1101/2022.10.22.513328v1
R307G,0.61562,0.99864,Neutral,0.3618257261410788,0.4444466620894474,0.022,"cBioPortal,COSMIC,Manual annotations from clinvar.csv",https://www.biorxiv.org/content/10.1101/2022.10.22.513328v1
E313Q,-0.29173,-0.20476,Neutral,0.0001273804216292,1.99068360075e-05,0.239,cBioPortal,https://www.biorxiv.org/content/10.1101/2022.10.22.513328v1
R316H,3.30505,1.08265,Uncertain,3.1849162367e-05,1.59230597752e-05,0.352,cBioPortal,https://www.biorxiv.org/content/10.1101/2022.10.22.513328v1
V318I,-0.36858,1.09014,Neutral,,1.59209049442e-05,0.065,cBioPortal,https://www.biorxiv.org/content/10.1101/2022.10.22.513328v1
A319T,4.30988,1.24286,Uncertain,,3.9803846644e-06,0.203,"cBioPortal,COSMIC",https://www.biorxiv.org/content/10.1101/2022.10.22.513328v1
A319E,4.8695,3.91054,Destabilizing,,,0.363,"cBioPortal,COSMIC",https://www.biorxiv.org/content/10.1101/2022.10.22.513328v1
A319V,3.20482,2.46054,Uncertain,3.18552497452e-05,8.75621890547e-05,0.321,"cBioPortal,COSMIC,Manual annotations from clinvar.csv",https://www.biorxiv.org/content/10.1101/2022.10.22.513328v1
K324N,1.01642,1.42041,Neutral,,3.9795609748e-06,0.043,"cBioPortal,COSMIC",https://www.biorxiv.org/content/10.1101/2022.10.22.513328v1
T328S,0.76585,1.2898,Neutral,,7.9587418821e-06,0.164,"cBioPortal,COSMIC",https://www.biorxiv.org/content/10.1101/2022.10.22.513328v1
K332R,1.5174,0.52041,Neutral,,3.9811452959e-06,0.081,cBioPortal,https://www.biorxiv.org/content/10.1101/2022.10.22.513328v1
T333M,2.46379,2.92585,Uncertain,3.18511912346e-05,2.38878227842e-05,0.274,"cBioPortal,COSMIC",https://www.biorxiv.org/content/10.1101/2022.10.22.513328v1
T333S,0.76299,1.19524,Neutral,,,0.092,"cBioPortal,COSMIC",https://www.biorxiv.org/content/10.1101/2022.10.22.513328v1
D334N,-0.35511,0.3949,Neutral,,,0.467,"cBioPortal,COSMIC",https://www.biorxiv.org/content/10.1101/2022.10.22.513328v1
A335T,-0.1755,0.40068,Neutral,,3.9836510959e-06,0.367,COSMIC,https://www.biorxiv.org/content/10.1101/2022.10.22.513328v1
A335V,-0.03729,0.31905,Neutral,,,0.368,cBioPortal,https://www.biorxiv.org/content/10.1101/2022.10.22.513328v1
P336L,1.9205,1.2932,Neutral,,1.99206361854e-05,0.439,cBioPortal,https://www.biorxiv.org/content/10.1101/2022.10.22.513328v1
I339N,4.31406,4.00204,Destabilizing,,,0.606,"cBioPortal,COSMIC",https://www.biorxiv.org/content/10.1101/2022.10.22.513328v1
R340H,0.70146,0.06497,Neutral,0.0003186133945071,0.000398625539141,0.43,"cBioPortal,COSMIC,Manual annotations from clinvar.csv",https://www.biorxiv.org/content/10.1101/2022.10.22.513328v1
R340C,1.457,0.97687,Neutral,,1.59409547038e-05,0.465,"cBioPortal,COSMIC",https://www.biorxiv.org/content/10.1101/2022.10.22.513328v1
S341C,0.29196,-0.3551,Neutral,,,0.335,"cBioPortal,COSMIC",https://www.biorxiv.org/content/10.1101/2022.10.22.513328v1
I342M,2.38353,1.25,Uncertain,3.18511912346e-05,7.9728286001e-06,0.273,"cBioPortal,COSMIC",https://www.biorxiv.org/content/10.1101/2022.10.22.513328v1
P346H,11.84651,2.72517,Uncertain,,,0.519,"cBioPortal,COSMIC",https://www.biorxiv.org/content/10.1101/2022.10.22.513328v1
D347N,-0.10948,-0.41735,Neutral,,1.1977004152e-05,0.099,"cBioPortal,COSMIC",https://www.biorxiv.org/content/10.1101/2022.10.22.513328v1
P350L,1.39033,1.03231,Neutral,3.18796225453e-05,8.1255230805e-06,0.524,"cBioPortal,COSMIC",https://www.biorxiv.org/content/10.1101/2022.10.22.513328v1
V363I,-0.83134,0.40578,Neutral,,8.51906241633e-05,0.04,cBioPortal,https://www.biorxiv.org/content/10.1101/2022.10.22.513328v1
A364T,0.78297,0.48061,Neutral,,,,Manual annotations from clinvar.csv,https://www.biorxiv.org/content/10.1101/2022.10.22.513328v1
Y366H,2.96234,2.79728,Uncertain,,,0.627,cBioPortal,https://www.biorxiv.org/content/10.1101/2022.10.22.513328v1
R368H,1.01121,1.05238,Neutral,3.18897888896e-05,0.0002336755108065,0.631,"cBioPortal,COSMIC",https://www.biorxiv.org/content/10.1101/2022.10.22.513328v1
V370F,-0.48856,-0.85986,Neutral,,4.0825991459e-06,0.467,cBioPortal,https://www.biorxiv.org/content/10.1101/2022.10.22.513328v1
L371I,2.96494,2.30612,Uncertain,,,0.423,cBioPortal,https://www.biorxiv.org/content/10.1101/2022.10.22.513328v1
Q373K,-0.66036,1.44694,Neutral,,,0.422,COSMIC,https://www.biorxiv.org/content/10.1101/2022.10.22.513328v1
T377M,-0.34091,-0.13605,Neutral,3.18654005481e-05,3.72584411068e-05,0.16,"cBioPortal,COSMIC",https://www.biorxiv.org/content/10.1101/2022.10.22.513328v1
I379L,1.18392,0.30986,Neutral,,,0.183,"cBioPortal,COSMIC",https://www.biorxiv.org/content/10.1101/2022.10.22.513328v1
L380M,0.44266,2.53707,Uncertain,,,0.28,cBioPortal,https://www.biorxiv.org/content/10.1101/2022.10.22.513328v1
P381H,3.0609,1.16497,Uncertain,,,0.782,COSMIC,https://www.biorxiv.org/content/10.1101/2022.10.22.513328v1
P381S,3.64702,2.38946,Uncertain,,,0.808,"cBioPortal,COSMIC",https://www.biorxiv.org/content/10.1101/2022.10.22.513328v1
R385C,1.20292,1.39422,Neutral,,3.35432582244e-05,0.631,cBioPortal,https://www.biorxiv.org/content/10.1101/2022.10.22.513328v1
R385H,2.05772,0.91701,Uncertain,6.37186185803e-05,5.44981973673e-05,0.522,cBioPortal,https://www.biorxiv.org/content/10.1101/2022.10.22.513328v1
R388Q,0.75537,-0.1983,Neutral,0.0002866972477064,0.0003043573832029,0.266,"cBioPortal,COSMIC,Manual annotations from clinvar.csv",https://www.biorxiv.org/content/10.1101/2022.10.22.513328v1
V391A,4.05709,3.08197,Destabilizing,,1.99979202163e-05,0.714,"cBioPortal,COSMIC",https://www.biorxiv.org/content/10.1101/2022.10.22.513328v1
D395G,1.48505,2.46224,Uncertain,,,0.683,"cBioPortal,COSMIC",https://www.biorxiv.org/content/10.1101/2022.10.22.513328v1
D395E,0.54119,0.46633,Neutral,0.1328294425309351,0.1500520083213314,0.281,"cBioPortal,COSMIC,Manual annotations from clinvar.csv",https://www.biorxiv.org/content/10.1101/2022.10.22.513328v1
I396V,1.03323,0.74422,Neutral,,,,Manual annotations from clinvar.csv,https://www.biorxiv.org/content/10.1101/2022.10.22.513328v1
P397L,1.43398,0.07415,Neutral,,,,"cBioPortal,COSMIC",https://www.biorxiv.org/content/10.1101/2022.10.22.513328v1
L400F,0.7907,0.88027,Neutral,,3.995525012e-06,0.475,"cBioPortal,COSMIC",https://www.biorxiv.org/content/10.1101/2022.10.22.513328v1
L400I,1.05112,0.83503,Neutral,,,0.232,cBioPortal,https://www.biorxiv.org/content/10.1101/2022.10.22.513328v1
R402W,2.45463,-1.21871,Uncertain,,3.59758242461e-05,0.832,"cBioPortal,COSMIC,Manual annotations from clinvar.csv",https://www.biorxiv.org/content/10.1101/2022.10.22.513328v1
R402L,0.93163,-0.77347,Neutral,,,0.81,"cBioPortal,COSMIC",https://www.biorxiv.org/content/10.1101/2022.10.22.513328v1
R402Q,1.7999,0.2483,Neutral,,1.59898943867e-05,0.743,"cBioPortal,COSMIC",https://www.biorxiv.org/content/10.1101/2022.10.22.513328v1
Q406K,-0.24272,0.15714,Neutral,,,0.593,COSMIC,https://www.biorxiv.org/content/10.1101/2022.10.22.513328v1
E407D,-2.6671,-0.26497,Uncertain,,,0.198,"cBioPortal,COSMIC",https://www.biorxiv.org/content/10.1101/2022.10.22.513328v1
S408G,0.07144,0.77483,Neutral,,,0.299,cBioPortal,https://www.biorxiv.org/content/10.1101/2022.10.22.513328v1
S408N,0.00625,0.13197,Neutral,,,0.146,"cBioPortal,COSMIC",https://www.biorxiv.org/content/10.1101/2022.10.22.513328v1
L410P,1.83385,4.35986,Uncertain,,,0.667,"cBioPortal,COSMIC",https://www.biorxiv.org/content/10.1101/2022.10.22.513328v1
I411N,2.79188,2.02517,Uncertain,,4.0078875226e-06,0.596,cBioPortal,https://www.biorxiv.org/content/10.1101/2022.10.22.513328v1
R415Q,0.59769,0.02449,Neutral,3.1841049481e-05,1.6115905593e-05,0.164,"cBioPortal,COSMIC",https://www.biorxiv.org/content/10.1101/2022.10.22.513328v1
Q420H,0.25653,0.36259,Neutral,,,0.127,"cBioPortal,COSMIC",https://www.biorxiv.org/content/10.1101/2022.10.22.513328v1
I423M,0.7036,1.56565,Neutral,,7.961593274e-06,0.256,COSMIC,https://www.biorxiv.org/content/10.1101/2022.10.22.513328v1
K424Q,0.02073,0.33878,Neutral,,,0.208,"cBioPortal,COSMIC",https://www.biorxiv.org/content/10.1101/2022.10.22.513328v1
I427N,2.13149,2.03401,Uncertain,3.1843077315e-05,3.9796876741e-06,0.154,COSMIC,https://www.biorxiv.org/content/10.1101/2022.10.22.513328v1
D428G,0.82381,2.04286,Uncertain,,3.9786426463e-06,0.311,"cBioPortal,COSMIC",https://www.biorxiv.org/content/10.1101/2022.10.22.513328v1
Q429H,5.75915,1.69592,Uncertain,,,0.3,cBioPortal,https://www.biorxiv.org/content/10.1101/2022.10.22.513328v1
D433H,2.37379,1.45816,Uncertain,,3.9783260795e-06,0.316,cBioPortal,https://www.biorxiv.org/content/10.1101/2022.10.22.513328v1
A434V,0.16924,-0.20068,Neutral,,,0.108,"cBioPortal,COSMIC",https://www.biorxiv.org/content/10.1101/2022.10.22.513328v1
K439R,-0.08739,-0.20272,Neutral,,,0.018,cBioPortal,https://www.biorxiv.org/content/10.1101/2022.10.22.513328v1
K439T,0.26479,0.39184,Neutral,,,0.112,cBioPortal,https://www.biorxiv.org/content/10.1101/2022.10.22.513328v1
F440S,5.00084,4.72279,Destabilizing,,,0.66,cBioPortal,https://www.biorxiv.org/content/10.1101/2022.10.22.513328v1
E442K,-0.60475,-1.06701,Neutral,,,,Manual annotations from clinvar.csv,https://www.biorxiv.org/content/10.1101/2022.10.22.513328v1
D443N,0.36283,1.70034,Neutral,,,0.164,cBioPortal,https://www.biorxiv.org/content/10.1101/2022.10.22.513328v1
D443H,-0.55979,1.4881,Neutral,,,0.353,cBioPortal,https://www.biorxiv.org/content/10.1101/2022.10.22.513328v1
Y444N,4.50987,4.07041,Destabilizing,,,,Manual annotations from clinvar.csv,https://www.biorxiv.org/content/10.1101/2022.10.22.513328v1
R449W,2.23517,-0.62959,Uncertain,,4.37852770016e-05,0.436,cBioPortal,https://www.biorxiv.org/content/10.1101/2022.10.22.513328v1
R449Q,0.98453,0.76565,Neutral,0.0002230151650312,1.1936117897e-05,0.374,"cBioPortal,COSMIC",https://www.biorxiv.org/content/10.1101/2022.10.22.513328v1
T454A,-0.0836,0.72517,Neutral,,,0.265,cBioPortal,https://www.biorxiv.org/content/10.1101/2022.10.22.513328v1
E457K,1.6243,-0.01463,Neutral,,5.18510836876e-05,0.281,"cBioPortal,COSMIC",https://www.biorxiv.org/content/10.1101/2022.10.22.513328v1
E459D,0.35317,0.08333,Neutral,,,0.102,cBioPortal,https://www.biorxiv.org/content/10.1101/2022.10.22.513328v1
D463N,-1.00625,0.45238,Neutral,,0.0,0.143,cBioPortal,https://www.biorxiv.org/content/10.1101/2022.10.22.513328v1
A465S,0.892,2.22041,Uncertain,,,0.366,COSMIC,https://www.biorxiv.org/content/10.1101/2022.10.22.513328v1
R469H,3.16401,1.16667,Uncertain,0.0073998468997193,0.0054953172837783,0.819,"cBioPortal,COSMIC",https://www.biorxiv.org/content/10.1101/2022.10.22.513328v1
S472F,15.0849,3.26293,Destabilizing,,,0.694,"cBioPortal,COSMIC",https://www.biorxiv.org/content/10.1101/2022.10.22.513328v1
S477C,-0.17494,0.24082,Neutral,,4.1160393823e-06,0.191,cBioPortal,https://www.biorxiv.org/content/10.1101/2022.10.22.513328v1
S477F,-0.46902,0.57177,Neutral,,,0.165,"cBioPortal,COSMIC",https://www.biorxiv.org/content/10.1101/2022.10.22.513328v1
Q479H,-0.0668,0.97449,Neutral,,,0.205,COSMIC,https://www.biorxiv.org/content/10.1101/2022.10.22.513328v1
E485Q,1.03819,0.15,Neutral,,4.0854012273e-06,0.216,cBioPortal,https://www.biorxiv.org/content/10.1101/2022.10.22.513328v1
A487T,0.87873,0.63503,Neutral,6.37592450905e-05,8.1990062804e-06,0.033,"cBioPortal,COSMIC",https://www.biorxiv.org/content/10.1101/2022.10.22.513328v1
R491W,1.00759,1.31497,Neutral,,1.22022647403e-05,0.111,"cBioPortal,COSMIC",https://www.biorxiv.org/content/10.1101/2022.10.22.513328v1
R491L,1.05603,0.58299,Neutral,,,0.08,"cBioPortal,COSMIC",https://www.biorxiv.org/content/10.1101/2022.10.22.513328v1
R495C,1.69495,0.10034,Neutral,6.37511156445e-05,2.02217926215e-05,0.426,"cBioPortal,COSMIC",https://www.biorxiv.org/content/10.1101/2022.10.22.513328v1
A502T,-0.1293,0.19524,Neutral,,1.61626610205e-05,0.225,COSMIC,https://www.biorxiv.org/content/10.1101/2022.10.22.513328v1
Y513C,4.76975,3.55816,Destabilizing,,,0.61,COSMIC,https://www.biorxiv.org/content/10.1101/2022.10.22.513328v1
M517T,2.89071,2.52551,Uncertain,,,0.569,"cBioPortal,COSMIC",https://www.biorxiv.org/content/10.1101/2022.10.22.513328v1
K518T,0.49977,0.55102,Neutral,,,0.343,COSMIC,https://www.biorxiv.org/content/10.1101/2022.10.22.513328v1
T522R,-0.31926,0.49014,Neutral,,,0.274,"cBioPortal,COSMIC",https://www.biorxiv.org/content/10.1101/2022.10.22.513328v1
E523K,3.90798,2.90782,Uncertain,,,0.658,COSMIC,https://www.biorxiv.org/content/10.1101/2022.10.22.513328v1
L525V,3.22669,1.39898,Uncertain,,,0.472,cBioPortal,https://www.biorxiv.org/content/10.1101/2022.10.22.513328v1
L525F,2.34332,0.82245,Uncertain,,,0.765,cBioPortal,https://www.biorxiv.org/content/10.1101/2022.10.22.513328v1
F526L,1.15539,1.29762,Neutral,,,0.321,cBioPortal,https://www.biorxiv.org/content/10.1101/2022.10.22.513328v1
L539F,5.89739,4.96259,Destabilizing,,,0.396,"cBioPortal,COSMIC",https://www.biorxiv.org/content/10.1101/2022.10.22.513328v1
R540G,2.15572,-1.00442,Uncertain,,3.9772501293e-06,0.255,cBioPortal,https://www.biorxiv.org/content/10.1101/2022.10.22.513328v1
R540H,1.60079,0.21531,Neutral,,1.59088739699e-05,0.133,"cBioPortal,COSMIC",https://www.biorxiv.org/content/10.1101/2022.10.22.513328v1
D543N,-0.59516,0.01565,Neutral,,3.9769337841e-06,0.119,cBioPortal,https://www.biorxiv.org/content/10.1101/2022.10.22.513328v1
K544T,0.51381,0.06122,Neutral,,,0.135,"cBioPortal,COSMIC",https://www.biorxiv.org/content/10.1101/2022.10.22.513328v1
K545N,1.80845,0.53061,Neutral,,,0.228,cBioPortal,https://www.biorxiv.org/content/10.1101/2022.10.22.513328v1
K546R,0.55645,0.31701,Neutral,3.18532203606e-05,1.59071025213e-05,0.17,cBioPortal,https://www.biorxiv.org/content/10.1101/2022.10.22.513328v1
K546Q,1.18564,-0.04388,Neutral,0.0004140918646875,0.0003579183468945,0.119,"cBioPortal,COSMIC",https://www.biorxiv.org/content/10.1101/2022.10.22.513328v1
S549Y,9.37049,1.64966,Uncertain,,3.9768072601e-06,0.532,cBioPortal,https://www.biorxiv.org/content/10.1101/2022.10.22.513328v1
T552M,-0.66774,0.84694,Neutral,,7.15853774936e-05,0.377,cBioPortal,https://www.biorxiv.org/content/10.1101/2022.10.22.513328v1
D553Y,-1.77272,-0.03095,Neutral,,,0.438,COSMIC,https://www.biorxiv.org/content/10.1101/2022.10.22.513328v1
V556M,-1.21657,-0.42449,Neutral,3.1847133758e-05,1.98851434117e-05,0.124,COSMIC,https://www.biorxiv.org/content/10.1101/2022.10.22.513328v1
D557N,-1.68542,2.44728,Uncertain,,,0.115,"cBioPortal,COSMIC",https://www.biorxiv.org/content/10.1101/2022.10.22.513328v1
Y559H,0.62589,0.45884,Neutral,,,0.193,cBioPortal,https://www.biorxiv.org/content/10.1101/2022.10.22.513328v1
P569Q,1.42235,0.94082,Neutral,,,0.077,cBioPortal,https://www.biorxiv.org/content/10.1101/2022.10.22.513328v1
A571T,0.55877,0.16939,Neutral,,2.04966754392e-05,0.037,"cBioPortal,COSMIC",https://www.biorxiv.org/content/10.1101/2022.10.22.513328v1
E572K,-0.10911,0.16531,Neutral,,8.1748769681e-05,0.127,cBioPortal,https://www.biorxiv.org/content/10.1101/2022.10.22.513328v1
E576D,0.74631,0.12347,Neutral,,,0.018,cBioPortal,https://www.biorxiv.org/content/10.1101/2022.10.22.513328v1
T579M,-1.71347,-0.62789,Neutral,0.0002550044625781,0.0001644948003595,0.041,"cBioPortal,COSMIC",https://www.biorxiv.org/content/10.1101/2022.10.22.513328v1
M583V,1.25406,0.61701,Neutral,6.373486297e-05,7.9991041003e-06,0.041,"cBioPortal,COSMIC",https://www.biorxiv.org/content/10.1101/2022.10.22.513328v1
M586I,0.50905,-0.88367,Neutral,,,0.073,"cBioPortal,COSMIC",https://www.biorxiv.org/content/10.1101/2022.10.22.513328v1
R587G,1.51697,2.19694,Uncertain,,,0.239,COSMIC,https://www.biorxiv.org/content/10.1101/2022.10.22.513328v1
V589L,0.41249,0.80612,Neutral,,,0.083,cBioPortal,https://www.biorxiv.org/content/10.1101/2022.10.22.513328v1
S592L,-0.33332,0.31361,Neutral,9.55962016443e-05,5.98898027629e-05,0.048,cBioPortal,https://www.biorxiv.org/content/10.1101/2022.10.22.513328v1
R593C,3.46238,1.65442,Uncertain,,3.9923665951e-06,0.298,COSMIC,https://www.biorxiv.org/content/10.1101/2022.10.22.513328v1
R593H,3.31294,1.86667,Uncertain,,9.97908384027e-05,0.175,cBioPortal,https://www.biorxiv.org/content/10.1101/2022.10.22.513328v1
T600P,7.50221,3.16769,Destabilizing,,,0.692,COSMIC,https://www.biorxiv.org/content/10.1101/2022.10.22.513328v1
L601I,1.26848,1.04592,Neutral,,,0.018,"cBioPortal,COSMIC",https://www.biorxiv.org/content/10.1101/2022.10.22.513328v1
R602Q,1.90959,-0.06395,Neutral,0.0011476664116297,0.0004239257151708,0.542,"cBioPortal,COSMIC",https://www.biorxiv.org/content/10.1101/2022.10.22.513328v1
D604N,-0.08396,0.85374,Neutral,,1.62663782096e-05,0.201,cBioPortal,https://www.biorxiv.org/content/10.1101/2022.10.22.513328v1
T605P,0.56048,6.18741,Uncertain,,3.26658609088e-05,0.514,COSMIC,https://www.biorxiv.org/content/10.1101/2022.10.22.513328v1
H606P,0.94852,5.52007,Uncertain,,9.46572174071e-05,0.582,COSMIC,https://www.biorxiv.org/content/10.1101/2022.10.22.513328v1
P607H,2.5172,1.20476,Uncertain,,,0.877,COSMIC,https://www.biorxiv.org/content/10.1101/2022.10.22.513328v1
A608S,0.74969,1.31565,Neutral,,0.0001216258949639,0.228,COSMIC,https://www.biorxiv.org/content/10.1101/2022.10.22.513328v1
V612M,2.29624,0.25816,Uncertain,,4.86133054617e-05,0.347,COSMIC,https://www.biorxiv.org/content/10.1101/2022.10.22.513328v1
E614Q,0.39488,-0.32551,Neutral,,,,cBioPortal,https://www.biorxiv.org/content/10.1101/2022.10.22.513328v1
M615R,4.18073,4.30918,Destabilizing,,,0.57,cBioPortal,https://www.biorxiv.org/content/10.1101/2022.10.22.513328v1
R619H,5.49131,2.97857,Uncertain,3.18816552955e-05,1.21628853608e-05,0.51,"cBioPortal,COSMIC",https://www.biorxiv.org/content/10.1101/2022.10.22.513328v1
L622Q,1.77768,2.00816,Uncertain,3.186336987e-05,6.87029687765e-05,0.63,"cBioPortal,COSMIC",https://www.biorxiv.org/content/10.1101/2022.10.22.513328v1
R623C,1.96529,0.49864,Neutral,,5.25894222445e-05,0.698,cBioPortal,https://www.biorxiv.org/content/10.1101/2022.10.22.513328v1
Q626H,-0.99103,0.12109,Neutral,,4.0424620211e-06,0.215,cBioPortal,https://www.biorxiv.org/content/10.1101/2022.10.22.513328v1
E632Q,0.79879,0.3517,Neutral,,,0.16,COSMIC,https://www.biorxiv.org/content/10.1101/2022.10.22.513328v1
E632K,0.83242,0.51973,Neutral,,,0.257,cBioPortal,https://www.biorxiv.org/content/10.1101/2022.10.22.513328v1
E633K,0.4226,1.01905,Neutral,,8.1024145195e-06,0.281,cBioPortal,https://www.biorxiv.org/content/10.1101/2022.10.22.513328v1
A635T,2.37036,2.11769,Uncertain,3.18735258494e-05,3.24849351113e-05,0.258,"cBioPortal,COSMIC",https://www.biorxiv.org/content/10.1101/2022.10.22.513328v1
Q636R,0.1221,-0.26871,Neutral,,,0.326,"cBioPortal,COSMIC",https://www.biorxiv.org/content/10.1101/2022.10.22.513328v1
L637F,-0.62807,1.83503,Neutral,,,0.044,"cBioPortal,COSMIC",https://www.biorxiv.org/content/10.1101/2022.10.22.513328v1
Q639R,-2.24051,0.71599,Uncertain,,4.0826991541e-06,0.354,cBioPortal,https://www.biorxiv.org/content/10.1101/2022.10.22.513328v1
T641M,-1.51236,-0.37483,Neutral,,0.0014685733507265,0.462,COSMIC,https://www.biorxiv.org/content/10.1101/2022.10.22.513328v1
E643K,0.73682,2.18503,Uncertain,0.0001274453578028,0.0001069228428316,0.621,"cBioPortal,COSMIC",https://www.biorxiv.org/content/10.1101/2022.10.22.513328v1
R647T,1.91919,-0.29558,Neutral,,3.73044624427e-05,0.12,cBioPortal,https://www.biorxiv.org/content/10.1101/2022.10.22.513328v1
A649V,0.21792,0.20748,Neutral,0.0006051726334565,0.0006093481169948,0.039,"cBioPortal,COSMIC",https://www.biorxiv.org/content/10.1101/2022.10.22.513328v1
R658H,2.45548,1.76259,Uncertain,3.18593092902e-05,4.78083839969e-05,0.131,cBioPortal,https://www.biorxiv.org/content/10.1101/2022.10.22.513328v1
R658C,2.01098,0.95374,Uncertain,3.18613394507e-05,3.1873271871e-05,0.194,"cBioPortal,COSMIC",https://www.biorxiv.org/content/10.1101/2022.10.22.513328v1
A659T,-0.43757,0.13163,Neutral,3.18552497452e-05,2.78991167937e-05,0.154,"cBioPortal,COSMIC",https://www.biorxiv.org/content/10.1101/2022.10.22.513328v1
E661K,0.69262,0.44966,Neutral,,1.99327071806e-05,0.132,"cBioPortal,COSMIC",https://www.biorxiv.org/content/10.1101/2022.10.22.513328v1
E661Q,0.69023,-0.12143,Neutral,,,0.071,COSMIC,https://www.biorxiv.org/content/10.1101/2022.10.22.513328v1
G663R,-0.48115,-0.46054,Neutral,,,0.243,cBioPortal,https://www.biorxiv.org/content/10.1101/2022.10.22.513328v1
V669L,-0.66611,1.2068,Neutral,,,0.117,cBioPortal,https://www.biorxiv.org/content/10.1101/2022.10.22.513328v1
Q671H,0.02086,-0.09626,Neutral,,1.59923236846e-05,0.411,"cBioPortal,COSMIC",https://www.biorxiv.org/content/10.1101/2022.10.22.513328v1
A676T,1.00667,3.54116,Uncertain,,5.96729920038e-05,0.54,"cBioPortal,COSMIC",https://www.biorxiv.org/content/10.1101/2022.10.22.513328v1
M677V,1.98958,2.01701,Uncertain,,,0.37,COSMIC,https://www.biorxiv.org/content/10.1101/2022.10.22.513328v1
V683A,1.85585,2.33231,Uncertain,,,0.136,COSMIC,https://www.biorxiv.org/content/10.1101/2022.10.22.513328v1
R692H,1.29599,0.52993,Neutral,0.0286461656246013,0.0291058967687521,0.166,"cBioPortal,COSMIC",https://www.biorxiv.org/content/10.1101/2022.10.22.513328v1
H704Y,0.07898,-1.02211,Neutral,,,0.073,COSMIC,https://www.biorxiv.org/content/10.1101/2022.10.22.513328v1
